"","V1_v_high","V1_v_low","V1_v_med","V1_v_vhigh","V2_v_high","V2_v_low","V2_v_med","V2_v_vhigh","V3_v_2","V3_v_3","V3_v_4","V3_v_5more","V4_v_2","V4_v_4","V4_v_more","V5_v_big","V5_v_med","V5_v_small","V6_v_high","V6_v_low","V6_v_med","V7"
"2",0,0,0,1,0,0,0,1,1,0,0,0,1,0,0,0,0,1,0,0,1,"unacc"
"3",0,0,0,1,0,0,0,1,1,0,0,0,1,0,0,0,0,1,1,0,0,"unacc"
"6",0,0,0,1,0,0,0,1,1,0,0,0,1,0,0,0,1,0,1,0,0,"unacc"
"7",0,0,0,1,0,0,0,1,1,0,0,0,1,0,0,1,0,0,0,1,0,"unacc"
"8",0,0,0,1,0,0,0,1,1,0,0,0,1,0,0,1,0,0,0,0,1,"unacc"
"9",0,0,0,1,0,0,0,1,1,0,0,0,1,0,0,1,0,0,1,0,0,"unacc"
"10",0,0,0,1,0,0,0,1,1,0,0,0,0,1,0,0,0,1,0,1,0,"unacc"
"11",0,0,0,1,0,0,0,1,1,0,0,0,0,1,0,0,0,1,0,0,1,"unacc"
"13",0,0,0,1,0,0,0,1,1,0,0,0,0,1,0,0,1,0,0,1,0,"unacc"
"14",0,0,0,1,0,0,0,1,1,0,0,0,0,1,0,0,1,0,0,0,1,"unacc"
"15",0,0,0,1,0,0,0,1,1,0,0,0,0,1,0,0,1,0,1,0,0,"unacc"
"17",0,0,0,1,0,0,0,1,1,0,0,0,0,1,0,1,0,0,0,0,1,"unacc"
"18",0,0,0,1,0,0,0,1,1,0,0,0,0,1,0,1,0,0,1,0,0,"unacc"
"19",0,0,0,1,0,0,0,1,1,0,0,0,0,0,1,0,0,1,0,1,0,"unacc"
"20",0,0,0,1,0,0,0,1,1,0,0,0,0,0,1,0,0,1,0,0,1,"unacc"
"21",0,0,0,1,0,0,0,1,1,0,0,0,0,0,1,0,0,1,1,0,0,"unacc"
"22",0,0,0,1,0,0,0,1,1,0,0,0,0,0,1,0,1,0,0,1,0,"unacc"
"23",0,0,0,1,0,0,0,1,1,0,0,0,0,0,1,0,1,0,0,0,1,"unacc"
"24",0,0,0,1,0,0,0,1,1,0,0,0,0,0,1,0,1,0,1,0,0,"unacc"
"25",0,0,0,1,0,0,0,1,1,0,0,0,0,0,1,1,0,0,0,1,0,"unacc"
"26",0,0,0,1,0,0,0,1,1,0,0,0,0,0,1,1,0,0,0,0,1,"unacc"
"27",0,0,0,1,0,0,0,1,1,0,0,0,0,0,1,1,0,0,1,0,0,"unacc"
"28",0,0,0,1,0,0,0,1,0,1,0,0,1,0,0,0,0,1,0,1,0,"unacc"
"29",0,0,0,1,0,0,0,1,0,1,0,0,1,0,0,0,0,1,0,0,1,"unacc"
"30",0,0,0,1,0,0,0,1,0,1,0,0,1,0,0,0,0,1,1,0,0,"unacc"
"32",0,0,0,1,0,0,0,1,0,1,0,0,1,0,0,0,1,0,0,0,1,"unacc"
"33",0,0,0,1,0,0,0,1,0,1,0,0,1,0,0,0,1,0,1,0,0,"unacc"
"34",0,0,0,1,0,0,0,1,0,1,0,0,1,0,0,1,0,0,0,1,0,"unacc"
"35",0,0,0,1,0,0,0,1,0,1,0,0,1,0,0,1,0,0,0,0,1,"unacc"
"36",0,0,0,1,0,0,0,1,0,1,0,0,1,0,0,1,0,0,1,0,0,"unacc"
"39",0,0,0,1,0,0,0,1,0,1,0,0,0,1,0,0,0,1,1,0,0,"unacc"
"40",0,0,0,1,0,0,0,1,0,1,0,0,0,1,0,0,1,0,0,1,0,"unacc"
"41",0,0,0,1,0,0,0,1,0,1,0,0,0,1,0,0,1,0,0,0,1,"unacc"
"43",0,0,0,1,0,0,0,1,0,1,0,0,0,1,0,1,0,0,0,1,0,"unacc"
"44",0,0,0,1,0,0,0,1,0,1,0,0,0,1,0,1,0,0,0,0,1,"unacc"
"45",0,0,0,1,0,0,0,1,0,1,0,0,0,1,0,1,0,0,1,0,0,"unacc"
"47",0,0,0,1,0,0,0,1,0,1,0,0,0,0,1,0,0,1,0,0,1,"unacc"
"48",0,0,0,1,0,0,0,1,0,1,0,0,0,0,1,0,0,1,1,0,0,"unacc"
"50",0,0,0,1,0,0,0,1,0,1,0,0,0,0,1,0,1,0,0,0,1,"unacc"
"51",0,0,0,1,0,0,0,1,0,1,0,0,0,0,1,0,1,0,1,0,0,"unacc"
"54",0,0,0,1,0,0,0,1,0,1,0,0,0,0,1,1,0,0,1,0,0,"unacc"
"56",0,0,0,1,0,0,0,1,0,0,1,0,1,0,0,0,0,1,0,0,1,"unacc"
"58",0,0,0,1,0,0,0,1,0,0,1,0,1,0,0,0,1,0,0,1,0,"unacc"
"59",0,0,0,1,0,0,0,1,0,0,1,0,1,0,0,0,1,0,0,0,1,"unacc"
"60",0,0,0,1,0,0,0,1,0,0,1,0,1,0,0,0,1,0,1,0,0,"unacc"
"62",0,0,0,1,0,0,0,1,0,0,1,0,1,0,0,1,0,0,0,0,1,"unacc"
"63",0,0,0,1,0,0,0,1,0,0,1,0,1,0,0,1,0,0,1,0,0,"unacc"
"64",0,0,0,1,0,0,0,1,0,0,1,0,0,1,0,0,0,1,0,1,0,"unacc"
"67",0,0,0,1,0,0,0,1,0,0,1,0,0,1,0,0,1,0,0,1,0,"unacc"
"68",0,0,0,1,0,0,0,1,0,0,1,0,0,1,0,0,1,0,0,0,1,"unacc"
"69",0,0,0,1,0,0,0,1,0,0,1,0,0,1,0,0,1,0,1,0,0,"unacc"
"70",0,0,0,1,0,0,0,1,0,0,1,0,0,1,0,1,0,0,0,1,0,"unacc"
"71",0,0,0,1,0,0,0,1,0,0,1,0,0,1,0,1,0,0,0,0,1,"unacc"
"72",0,0,0,1,0,0,0,1,0,0,1,0,0,1,0,1,0,0,1,0,0,"unacc"
"73",0,0,0,1,0,0,0,1,0,0,1,0,0,0,1,0,0,1,0,1,0,"unacc"
"75",0,0,0,1,0,0,0,1,0,0,1,0,0,0,1,0,0,1,1,0,0,"unacc"
"76",0,0,0,1,0,0,0,1,0,0,1,0,0,0,1,0,1,0,0,1,0,"unacc"
"77",0,0,0,1,0,0,0,1,0,0,1,0,0,0,1,0,1,0,0,0,1,"unacc"
"79",0,0,0,1,0,0,0,1,0,0,1,0,0,0,1,1,0,0,0,1,0,"unacc"
"80",0,0,0,1,0,0,0,1,0,0,1,0,0,0,1,1,0,0,0,0,1,"unacc"
"82",0,0,0,1,0,0,0,1,0,0,0,1,1,0,0,0,0,1,0,1,0,"unacc"
"83",0,0,0,1,0,0,0,1,0,0,0,1,1,0,0,0,0,1,0,0,1,"unacc"
"85",0,0,0,1,0,0,0,1,0,0,0,1,1,0,0,0,1,0,0,1,0,"unacc"
"86",0,0,0,1,0,0,0,1,0,0,0,1,1,0,0,0,1,0,0,0,1,"unacc"
"87",0,0,0,1,0,0,0,1,0,0,0,1,1,0,0,0,1,0,1,0,0,"unacc"
"88",0,0,0,1,0,0,0,1,0,0,0,1,1,0,0,1,0,0,0,1,0,"unacc"
"89",0,0,0,1,0,0,0,1,0,0,0,1,1,0,0,1,0,0,0,0,1,"unacc"
"90",0,0,0,1,0,0,0,1,0,0,0,1,1,0,0,1,0,0,1,0,0,"unacc"
"92",0,0,0,1,0,0,0,1,0,0,0,1,0,1,0,0,0,1,0,0,1,"unacc"
"93",0,0,0,1,0,0,0,1,0,0,0,1,0,1,0,0,0,1,1,0,0,"unacc"
"95",0,0,0,1,0,0,0,1,0,0,0,1,0,1,0,0,1,0,0,0,1,"unacc"
"97",0,0,0,1,0,0,0,1,0,0,0,1,0,1,0,1,0,0,0,1,0,"unacc"
"99",0,0,0,1,0,0,0,1,0,0,0,1,0,1,0,1,0,0,1,0,0,"unacc"
"101",0,0,0,1,0,0,0,1,0,0,0,1,0,0,1,0,0,1,0,0,1,"unacc"
"103",0,0,0,1,0,0,0,1,0,0,0,1,0,0,1,0,1,0,0,1,0,"unacc"
"104",0,0,0,1,0,0,0,1,0,0,0,1,0,0,1,0,1,0,0,0,1,"unacc"
"105",0,0,0,1,0,0,0,1,0,0,0,1,0,0,1,0,1,0,1,0,0,"unacc"
"106",0,0,0,1,0,0,0,1,0,0,0,1,0,0,1,1,0,0,0,1,0,"unacc"
"108",0,0,0,1,0,0,0,1,0,0,0,1,0,0,1,1,0,0,1,0,0,"unacc"
"110",0,0,0,1,1,0,0,0,1,0,0,0,1,0,0,0,0,1,0,0,1,"unacc"
"111",0,0,0,1,1,0,0,0,1,0,0,0,1,0,0,0,0,1,1,0,0,"unacc"
"112",0,0,0,1,1,0,0,0,1,0,0,0,1,0,0,0,1,0,0,1,0,"unacc"
"113",0,0,0,1,1,0,0,0,1,0,0,0,1,0,0,0,1,0,0,0,1,"unacc"
"114",0,0,0,1,1,0,0,0,1,0,0,0,1,0,0,0,1,0,1,0,0,"unacc"
"115",0,0,0,1,1,0,0,0,1,0,0,0,1,0,0,1,0,0,0,1,0,"unacc"
"116",0,0,0,1,1,0,0,0,1,0,0,0,1,0,0,1,0,0,0,0,1,"unacc"
"117",0,0,0,1,1,0,0,0,1,0,0,0,1,0,0,1,0,0,1,0,0,"unacc"
"118",0,0,0,1,1,0,0,0,1,0,0,0,0,1,0,0,0,1,0,1,0,"unacc"
"120",0,0,0,1,1,0,0,0,1,0,0,0,0,1,0,0,0,1,1,0,0,"unacc"
"121",0,0,0,1,1,0,0,0,1,0,0,0,0,1,0,0,1,0,0,1,0,"unacc"
"123",0,0,0,1,1,0,0,0,1,0,0,0,0,1,0,0,1,0,1,0,0,"unacc"
"124",0,0,0,1,1,0,0,0,1,0,0,0,0,1,0,1,0,0,0,1,0,"unacc"
"125",0,0,0,1,1,0,0,0,1,0,0,0,0,1,0,1,0,0,0,0,1,"unacc"
"126",0,0,0,1,1,0,0,0,1,0,0,0,0,1,0,1,0,0,1,0,0,"unacc"
"127",0,0,0,1,1,0,0,0,1,0,0,0,0,0,1,0,0,1,0,1,0,"unacc"
"128",0,0,0,1,1,0,0,0,1,0,0,0,0,0,1,0,0,1,0,0,1,"unacc"
"129",0,0,0,1,1,0,0,0,1,0,0,0,0,0,1,0,0,1,1,0,0,"unacc"
"130",0,0,0,1,1,0,0,0,1,0,0,0,0,0,1,0,1,0,0,1,0,"unacc"
"131",0,0,0,1,1,0,0,0,1,0,0,0,0,0,1,0,1,0,0,0,1,"unacc"
"133",0,0,0,1,1,0,0,0,1,0,0,0,0,0,1,1,0,0,0,1,0,"unacc"
"134",0,0,0,1,1,0,0,0,1,0,0,0,0,0,1,1,0,0,0,0,1,"unacc"
"135",0,0,0,1,1,0,0,0,1,0,0,0,0,0,1,1,0,0,1,0,0,"unacc"
"136",0,0,0,1,1,0,0,0,0,1,0,0,1,0,0,0,0,1,0,1,0,"unacc"
"138",0,0,0,1,1,0,0,0,0,1,0,0,1,0,0,0,0,1,1,0,0,"unacc"
"139",0,0,0,1,1,0,0,0,0,1,0,0,1,0,0,0,1,0,0,1,0,"unacc"
"140",0,0,0,1,1,0,0,0,0,1,0,0,1,0,0,0,1,0,0,0,1,"unacc"
"141",0,0,0,1,1,0,0,0,0,1,0,0,1,0,0,0,1,0,1,0,0,"unacc"
"142",0,0,0,1,1,0,0,0,0,1,0,0,1,0,0,1,0,0,0,1,0,"unacc"
"143",0,0,0,1,1,0,0,0,0,1,0,0,1,0,0,1,0,0,0,0,1,"unacc"
"144",0,0,0,1,1,0,0,0,0,1,0,0,1,0,0,1,0,0,1,0,0,"unacc"
"145",0,0,0,1,1,0,0,0,0,1,0,0,0,1,0,0,0,1,0,1,0,"unacc"
"146",0,0,0,1,1,0,0,0,0,1,0,0,0,1,0,0,0,1,0,0,1,"unacc"
"147",0,0,0,1,1,0,0,0,0,1,0,0,0,1,0,0,0,1,1,0,0,"unacc"
"148",0,0,0,1,1,0,0,0,0,1,0,0,0,1,0,0,1,0,0,1,0,"unacc"
"149",0,0,0,1,1,0,0,0,0,1,0,0,0,1,0,0,1,0,0,0,1,"unacc"
"151",0,0,0,1,1,0,0,0,0,1,0,0,0,1,0,1,0,0,0,1,0,"unacc"
"152",0,0,0,1,1,0,0,0,0,1,0,0,0,1,0,1,0,0,0,0,1,"unacc"
"153",0,0,0,1,1,0,0,0,0,1,0,0,0,1,0,1,0,0,1,0,0,"unacc"
"154",0,0,0,1,1,0,0,0,0,1,0,0,0,0,1,0,0,1,0,1,0,"unacc"
"157",0,0,0,1,1,0,0,0,0,1,0,0,0,0,1,0,1,0,0,1,0,"unacc"
"159",0,0,0,1,1,0,0,0,0,1,0,0,0,0,1,0,1,0,1,0,0,"unacc"
"160",0,0,0,1,1,0,0,0,0,1,0,0,0,0,1,1,0,0,0,1,0,"unacc"
"161",0,0,0,1,1,0,0,0,0,1,0,0,0,0,1,1,0,0,0,0,1,"unacc"
"162",0,0,0,1,1,0,0,0,0,1,0,0,0,0,1,1,0,0,1,0,0,"unacc"
"163",0,0,0,1,1,0,0,0,0,0,1,0,1,0,0,0,0,1,0,1,0,"unacc"
"164",0,0,0,1,1,0,0,0,0,0,1,0,1,0,0,0,0,1,0,0,1,"unacc"
"165",0,0,0,1,1,0,0,0,0,0,1,0,1,0,0,0,0,1,1,0,0,"unacc"
"166",0,0,0,1,1,0,0,0,0,0,1,0,1,0,0,0,1,0,0,1,0,"unacc"
"167",0,0,0,1,1,0,0,0,0,0,1,0,1,0,0,0,1,0,0,0,1,"unacc"
"168",0,0,0,1,1,0,0,0,0,0,1,0,1,0,0,0,1,0,1,0,0,"unacc"
"169",0,0,0,1,1,0,0,0,0,0,1,0,1,0,0,1,0,0,0,1,0,"unacc"
"170",0,0,0,1,1,0,0,0,0,0,1,0,1,0,0,1,0,0,0,0,1,"unacc"
"171",0,0,0,1,1,0,0,0,0,0,1,0,1,0,0,1,0,0,1,0,0,"unacc"
"172",0,0,0,1,1,0,0,0,0,0,1,0,0,1,0,0,0,1,0,1,0,"unacc"
"173",0,0,0,1,1,0,0,0,0,0,1,0,0,1,0,0,0,1,0,0,1,"unacc"
"175",0,0,0,1,1,0,0,0,0,0,1,0,0,1,0,0,1,0,0,1,0,"unacc"
"176",0,0,0,1,1,0,0,0,0,0,1,0,0,1,0,0,1,0,0,0,1,"unacc"
"177",0,0,0,1,1,0,0,0,0,0,1,0,0,1,0,0,1,0,1,0,0,"unacc"
"178",0,0,0,1,1,0,0,0,0,0,1,0,0,1,0,1,0,0,0,1,0,"unacc"
"179",0,0,0,1,1,0,0,0,0,0,1,0,0,1,0,1,0,0,0,0,1,"unacc"
"181",0,0,0,1,1,0,0,0,0,0,1,0,0,0,1,0,0,1,0,1,0,"unacc"
"182",0,0,0,1,1,0,0,0,0,0,1,0,0,0,1,0,0,1,0,0,1,"unacc"
"183",0,0,0,1,1,0,0,0,0,0,1,0,0,0,1,0,0,1,1,0,0,"unacc"
"185",0,0,0,1,1,0,0,0,0,0,1,0,0,0,1,0,1,0,0,0,1,"unacc"
"186",0,0,0,1,1,0,0,0,0,0,1,0,0,0,1,0,1,0,1,0,0,"unacc"
"188",0,0,0,1,1,0,0,0,0,0,1,0,0,0,1,1,0,0,0,0,1,"unacc"
"189",0,0,0,1,1,0,0,0,0,0,1,0,0,0,1,1,0,0,1,0,0,"unacc"
"190",0,0,0,1,1,0,0,0,0,0,0,1,1,0,0,0,0,1,0,1,0,"unacc"
"191",0,0,0,1,1,0,0,0,0,0,0,1,1,0,0,0,0,1,0,0,1,"unacc"
"192",0,0,0,1,1,0,0,0,0,0,0,1,1,0,0,0,0,1,1,0,0,"unacc"
"193",0,0,0,1,1,0,0,0,0,0,0,1,1,0,0,0,1,0,0,1,0,"unacc"
"194",0,0,0,1,1,0,0,0,0,0,0,1,1,0,0,0,1,0,0,0,1,"unacc"
"197",0,0,0,1,1,0,0,0,0,0,0,1,1,0,0,1,0,0,0,0,1,"unacc"
"198",0,0,0,1,1,0,0,0,0,0,0,1,1,0,0,1,0,0,1,0,0,"unacc"
"199",0,0,0,1,1,0,0,0,0,0,0,1,0,1,0,0,0,1,0,1,0,"unacc"
"201",0,0,0,1,1,0,0,0,0,0,0,1,0,1,0,0,0,1,1,0,0,"unacc"
"202",0,0,0,1,1,0,0,0,0,0,0,1,0,1,0,0,1,0,0,1,0,"unacc"
"203",0,0,0,1,1,0,0,0,0,0,0,1,0,1,0,0,1,0,0,0,1,"unacc"
"204",0,0,0,1,1,0,0,0,0,0,0,1,0,1,0,0,1,0,1,0,0,"unacc"
"205",0,0,0,1,1,0,0,0,0,0,0,1,0,1,0,1,0,0,0,1,0,"unacc"
"206",0,0,0,1,1,0,0,0,0,0,0,1,0,1,0,1,0,0,0,0,1,"unacc"
"207",0,0,0,1,1,0,0,0,0,0,0,1,0,1,0,1,0,0,1,0,0,"unacc"
"208",0,0,0,1,1,0,0,0,0,0,0,1,0,0,1,0,0,1,0,1,0,"unacc"
"209",0,0,0,1,1,0,0,0,0,0,0,1,0,0,1,0,0,1,0,0,1,"unacc"
"210",0,0,0,1,1,0,0,0,0,0,0,1,0,0,1,0,0,1,1,0,0,"unacc"
"212",0,0,0,1,1,0,0,0,0,0,0,1,0,0,1,0,1,0,0,0,1,"unacc"
"213",0,0,0,1,1,0,0,0,0,0,0,1,0,0,1,0,1,0,1,0,0,"unacc"
"214",0,0,0,1,1,0,0,0,0,0,0,1,0,0,1,1,0,0,0,1,0,"unacc"
"215",0,0,0,1,1,0,0,0,0,0,0,1,0,0,1,1,0,0,0,0,1,"unacc"
"216",0,0,0,1,1,0,0,0,0,0,0,1,0,0,1,1,0,0,1,0,0,"unacc"
"217",0,0,0,1,0,0,1,0,1,0,0,0,1,0,0,0,0,1,0,1,0,"unacc"
"218",0,0,0,1,0,0,1,0,1,0,0,0,1,0,0,0,0,1,0,0,1,"unacc"
"219",0,0,0,1,0,0,1,0,1,0,0,0,1,0,0,0,0,1,1,0,0,"unacc"
"220",0,0,0,1,0,0,1,0,1,0,0,0,1,0,0,0,1,0,0,1,0,"unacc"
"221",0,0,0,1,0,0,1,0,1,0,0,0,1,0,0,0,1,0,0,0,1,"unacc"
"222",0,0,0,1,0,0,1,0,1,0,0,0,1,0,0,0,1,0,1,0,0,"unacc"
"223",0,0,0,1,0,0,1,0,1,0,0,0,1,0,0,1,0,0,0,1,0,"unacc"
"225",0,0,0,1,0,0,1,0,1,0,0,0,1,0,0,1,0,0,1,0,0,"unacc"
"226",0,0,0,1,0,0,1,0,1,0,0,0,0,1,0,0,0,1,0,1,0,"unacc"
"228",0,0,0,1,0,0,1,0,1,0,0,0,0,1,0,0,0,1,1,0,0,"acc"
"229",0,0,0,1,0,0,1,0,1,0,0,0,0,1,0,0,1,0,0,1,0,"unacc"
"230",0,0,0,1,0,0,1,0,1,0,0,0,0,1,0,0,1,0,0,0,1,"unacc"
"231",0,0,0,1,0,0,1,0,1,0,0,0,0,1,0,0,1,0,1,0,0,"acc"
"232",0,0,0,1,0,0,1,0,1,0,0,0,0,1,0,1,0,0,0,1,0,"unacc"
"233",0,0,0,1,0,0,1,0,1,0,0,0,0,1,0,1,0,0,0,0,1,"acc"
"234",0,0,0,1,0,0,1,0,1,0,0,0,0,1,0,1,0,0,1,0,0,"acc"
"236",0,0,0,1,0,0,1,0,1,0,0,0,0,0,1,0,0,1,0,0,1,"unacc"
"237",0,0,0,1,0,0,1,0,1,0,0,0,0,0,1,0,0,1,1,0,0,"unacc"
"238",0,0,0,1,0,0,1,0,1,0,0,0,0,0,1,0,1,0,0,1,0,"unacc"
"239",0,0,0,1,0,0,1,0,1,0,0,0,0,0,1,0,1,0,0,0,1,"unacc"
"240",0,0,0,1,0,0,1,0,1,0,0,0,0,0,1,0,1,0,1,0,0,"acc"
"241",0,0,0,1,0,0,1,0,1,0,0,0,0,0,1,1,0,0,0,1,0,"unacc"
"243",0,0,0,1,0,0,1,0,1,0,0,0,0,0,1,1,0,0,1,0,0,"acc"
"244",0,0,0,1,0,0,1,0,0,1,0,0,1,0,0,0,0,1,0,1,0,"unacc"
"245",0,0,0,1,0,0,1,0,0,1,0,0,1,0,0,0,0,1,0,0,1,"unacc"
"246",0,0,0,1,0,0,1,0,0,1,0,0,1,0,0,0,0,1,1,0,0,"unacc"
"247",0,0,0,1,0,0,1,0,0,1,0,0,1,0,0,0,1,0,0,1,0,"unacc"
"248",0,0,0,1,0,0,1,0,0,1,0,0,1,0,0,0,1,0,0,0,1,"unacc"
"249",0,0,0,1,0,0,1,0,0,1,0,0,1,0,0,0,1,0,1,0,0,"unacc"
"250",0,0,0,1,0,0,1,0,0,1,0,0,1,0,0,1,0,0,0,1,0,"unacc"
"251",0,0,0,1,0,0,1,0,0,1,0,0,1,0,0,1,0,0,0,0,1,"unacc"
"252",0,0,0,1,0,0,1,0,0,1,0,0,1,0,0,1,0,0,1,0,0,"unacc"
"253",0,0,0,1,0,0,1,0,0,1,0,0,0,1,0,0,0,1,0,1,0,"unacc"
"255",0,0,0,1,0,0,1,0,0,1,0,0,0,1,0,0,0,1,1,0,0,"acc"
"256",0,0,0,1,0,0,1,0,0,1,0,0,0,1,0,0,1,0,0,1,0,"unacc"
"257",0,0,0,1,0,0,1,0,0,1,0,0,0,1,0,0,1,0,0,0,1,"unacc"
"259",0,0,0,1,0,0,1,0,0,1,0,0,0,1,0,1,0,0,0,1,0,"unacc"
"260",0,0,0,1,0,0,1,0,0,1,0,0,0,1,0,1,0,0,0,0,1,"acc"
"261",0,0,0,1,0,0,1,0,0,1,0,0,0,1,0,1,0,0,1,0,0,"acc"
"262",0,0,0,1,0,0,1,0,0,1,0,0,0,0,1,0,0,1,0,1,0,"unacc"
"263",0,0,0,1,0,0,1,0,0,1,0,0,0,0,1,0,0,1,0,0,1,"unacc"
"265",0,0,0,1,0,0,1,0,0,1,0,0,0,0,1,0,1,0,0,1,0,"unacc"
"266",0,0,0,1,0,0,1,0,0,1,0,0,0,0,1,0,1,0,0,0,1,"acc"
"268",0,0,0,1,0,0,1,0,0,1,0,0,0,0,1,1,0,0,0,1,0,"unacc"
"269",0,0,0,1,0,0,1,0,0,1,0,0,0,0,1,1,0,0,0,0,1,"acc"
"270",0,0,0,1,0,0,1,0,0,1,0,0,0,0,1,1,0,0,1,0,0,"acc"
"271",0,0,0,1,0,0,1,0,0,0,1,0,1,0,0,0,0,1,0,1,0,"unacc"
"272",0,0,0,1,0,0,1,0,0,0,1,0,1,0,0,0,0,1,0,0,1,"unacc"
"273",0,0,0,1,0,0,1,0,0,0,1,0,1,0,0,0,0,1,1,0,0,"unacc"
"274",0,0,0,1,0,0,1,0,0,0,1,0,1,0,0,0,1,0,0,1,0,"unacc"
"275",0,0,0,1,0,0,1,0,0,0,1,0,1,0,0,0,1,0,0,0,1,"unacc"
"276",0,0,0,1,0,0,1,0,0,0,1,0,1,0,0,0,1,0,1,0,0,"unacc"
"277",0,0,0,1,0,0,1,0,0,0,1,0,1,0,0,1,0,0,0,1,0,"unacc"
"278",0,0,0,1,0,0,1,0,0,0,1,0,1,0,0,1,0,0,0,0,1,"unacc"
"279",0,0,0,1,0,0,1,0,0,0,1,0,1,0,0,1,0,0,1,0,0,"unacc"
"281",0,0,0,1,0,0,1,0,0,0,1,0,0,1,0,0,0,1,0,0,1,"unacc"
"282",0,0,0,1,0,0,1,0,0,0,1,0,0,1,0,0,0,1,1,0,0,"acc"
"283",0,0,0,1,0,0,1,0,0,0,1,0,0,1,0,0,1,0,0,1,0,"unacc"
"285",0,0,0,1,0,0,1,0,0,0,1,0,0,1,0,0,1,0,1,0,0,"acc"
"286",0,0,0,1,0,0,1,0,0,0,1,0,0,1,0,1,0,0,0,1,0,"unacc"
"287",0,0,0,1,0,0,1,0,0,0,1,0,0,1,0,1,0,0,0,0,1,"acc"
"288",0,0,0,1,0,0,1,0,0,0,1,0,0,1,0,1,0,0,1,0,0,"acc"
"289",0,0,0,1,0,0,1,0,0,0,1,0,0,0,1,0,0,1,0,1,0,"unacc"
"290",0,0,0,1,0,0,1,0,0,0,1,0,0,0,1,0,0,1,0,0,1,"unacc"
"291",0,0,0,1,0,0,1,0,0,0,1,0,0,0,1,0,0,1,1,0,0,"acc"
"292",0,0,0,1,0,0,1,0,0,0,1,0,0,0,1,0,1,0,0,1,0,"unacc"
"293",0,0,0,1,0,0,1,0,0,0,1,0,0,0,1,0,1,0,0,0,1,"acc"
"294",0,0,0,1,0,0,1,0,0,0,1,0,0,0,1,0,1,0,1,0,0,"acc"
"295",0,0,0,1,0,0,1,0,0,0,1,0,0,0,1,1,0,0,0,1,0,"unacc"
"296",0,0,0,1,0,0,1,0,0,0,1,0,0,0,1,1,0,0,0,0,1,"acc"
"297",0,0,0,1,0,0,1,0,0,0,1,0,0,0,1,1,0,0,1,0,0,"acc"
"298",0,0,0,1,0,0,1,0,0,0,0,1,1,0,0,0,0,1,0,1,0,"unacc"
"300",0,0,0,1,0,0,1,0,0,0,0,1,1,0,0,0,0,1,1,0,0,"unacc"
"301",0,0,0,1,0,0,1,0,0,0,0,1,1,0,0,0,1,0,0,1,0,"unacc"
"302",0,0,0,1,0,0,1,0,0,0,0,1,1,0,0,0,1,0,0,0,1,"unacc"
"303",0,0,0,1,0,0,1,0,0,0,0,1,1,0,0,0,1,0,1,0,0,"unacc"
"304",0,0,0,1,0,0,1,0,0,0,0,1,1,0,0,1,0,0,0,1,0,"unacc"
"305",0,0,0,1,0,0,1,0,0,0,0,1,1,0,0,1,0,0,0,0,1,"unacc"
"307",0,0,0,1,0,0,1,0,0,0,0,1,0,1,0,0,0,1,0,1,0,"unacc"
"308",0,0,0,1,0,0,1,0,0,0,0,1,0,1,0,0,0,1,0,0,1,"unacc"
"309",0,0,0,1,0,0,1,0,0,0,0,1,0,1,0,0,0,1,1,0,0,"acc"
"310",0,0,0,1,0,0,1,0,0,0,0,1,0,1,0,0,1,0,0,1,0,"unacc"
"311",0,0,0,1,0,0,1,0,0,0,0,1,0,1,0,0,1,0,0,0,1,"acc"
"312",0,0,0,1,0,0,1,0,0,0,0,1,0,1,0,0,1,0,1,0,0,"acc"
"315",0,0,0,1,0,0,1,0,0,0,0,1,0,1,0,1,0,0,1,0,0,"acc"
"317",0,0,0,1,0,0,1,0,0,0,0,1,0,0,1,0,0,1,0,0,1,"unacc"
"318",0,0,0,1,0,0,1,0,0,0,0,1,0,0,1,0,0,1,1,0,0,"acc"
"319",0,0,0,1,0,0,1,0,0,0,0,1,0,0,1,0,1,0,0,1,0,"unacc"
"320",0,0,0,1,0,0,1,0,0,0,0,1,0,0,1,0,1,0,0,0,1,"acc"
"321",0,0,0,1,0,0,1,0,0,0,0,1,0,0,1,0,1,0,1,0,0,"acc"
"322",0,0,0,1,0,0,1,0,0,0,0,1,0,0,1,1,0,0,0,1,0,"unacc"
"323",0,0,0,1,0,0,1,0,0,0,0,1,0,0,1,1,0,0,0,0,1,"acc"
"325",0,0,0,1,0,1,0,0,1,0,0,0,1,0,0,0,0,1,0,1,0,"unacc"
"326",0,0,0,1,0,1,0,0,1,0,0,0,1,0,0,0,0,1,0,0,1,"unacc"
"327",0,0,0,1,0,1,0,0,1,0,0,0,1,0,0,0,0,1,1,0,0,"unacc"
"328",0,0,0,1,0,1,0,0,1,0,0,0,1,0,0,0,1,0,0,1,0,"unacc"
"331",0,0,0,1,0,1,0,0,1,0,0,0,1,0,0,1,0,0,0,1,0,"unacc"
"332",0,0,0,1,0,1,0,0,1,0,0,0,1,0,0,1,0,0,0,0,1,"unacc"
"333",0,0,0,1,0,1,0,0,1,0,0,0,1,0,0,1,0,0,1,0,0,"unacc"
"335",0,0,0,1,0,1,0,0,1,0,0,0,0,1,0,0,0,1,0,0,1,"unacc"
"336",0,0,0,1,0,1,0,0,1,0,0,0,0,1,0,0,0,1,1,0,0,"acc"
"337",0,0,0,1,0,1,0,0,1,0,0,0,0,1,0,0,1,0,0,1,0,"unacc"
"338",0,0,0,1,0,1,0,0,1,0,0,0,0,1,0,0,1,0,0,0,1,"unacc"
"339",0,0,0,1,0,1,0,0,1,0,0,0,0,1,0,0,1,0,1,0,0,"acc"
"340",0,0,0,1,0,1,0,0,1,0,0,0,0,1,0,1,0,0,0,1,0,"unacc"
"342",0,0,0,1,0,1,0,0,1,0,0,0,0,1,0,1,0,0,1,0,0,"acc"
"344",0,0,0,1,0,1,0,0,1,0,0,0,0,0,1,0,0,1,0,0,1,"unacc"
"345",0,0,0,1,0,1,0,0,1,0,0,0,0,0,1,0,0,1,1,0,0,"unacc"
"346",0,0,0,1,0,1,0,0,1,0,0,0,0,0,1,0,1,0,0,1,0,"unacc"
"347",0,0,0,1,0,1,0,0,1,0,0,0,0,0,1,0,1,0,0,0,1,"unacc"
"348",0,0,0,1,0,1,0,0,1,0,0,0,0,0,1,0,1,0,1,0,0,"acc"
"349",0,0,0,1,0,1,0,0,1,0,0,0,0,0,1,1,0,0,0,1,0,"unacc"
"350",0,0,0,1,0,1,0,0,1,0,0,0,0,0,1,1,0,0,0,0,1,"acc"
"351",0,0,0,1,0,1,0,0,1,0,0,0,0,0,1,1,0,0,1,0,0,"acc"
"352",0,0,0,1,0,1,0,0,0,1,0,0,1,0,0,0,0,1,0,1,0,"unacc"
"354",0,0,0,1,0,1,0,0,0,1,0,0,1,0,0,0,0,1,1,0,0,"unacc"
"355",0,0,0,1,0,1,0,0,0,1,0,0,1,0,0,0,1,0,0,1,0,"unacc"
"356",0,0,0,1,0,1,0,0,0,1,0,0,1,0,0,0,1,0,0,0,1,"unacc"
"357",0,0,0,1,0,1,0,0,0,1,0,0,1,0,0,0,1,0,1,0,0,"unacc"
"358",0,0,0,1,0,1,0,0,0,1,0,0,1,0,0,1,0,0,0,1,0,"unacc"
"359",0,0,0,1,0,1,0,0,0,1,0,0,1,0,0,1,0,0,0,0,1,"unacc"
"360",0,0,0,1,0,1,0,0,0,1,0,0,1,0,0,1,0,0,1,0,0,"unacc"
"361",0,0,0,1,0,1,0,0,0,1,0,0,0,1,0,0,0,1,0,1,0,"unacc"
"362",0,0,0,1,0,1,0,0,0,1,0,0,0,1,0,0,0,1,0,0,1,"unacc"
"363",0,0,0,1,0,1,0,0,0,1,0,0,0,1,0,0,0,1,1,0,0,"acc"
"364",0,0,0,1,0,1,0,0,0,1,0,0,0,1,0,0,1,0,0,1,0,"unacc"
"366",0,0,0,1,0,1,0,0,0,1,0,0,0,1,0,0,1,0,1,0,0,"acc"
"367",0,0,0,1,0,1,0,0,0,1,0,0,0,1,0,1,0,0,0,1,0,"unacc"
"368",0,0,0,1,0,1,0,0,0,1,0,0,0,1,0,1,0,0,0,0,1,"acc"
"371",0,0,0,1,0,1,0,0,0,1,0,0,0,0,1,0,0,1,0,0,1,"unacc"
"373",0,0,0,1,0,1,0,0,0,1,0,0,0,0,1,0,1,0,0,1,0,"unacc"
"374",0,0,0,1,0,1,0,0,0,1,0,0,0,0,1,0,1,0,0,0,1,"acc"
"375",0,0,0,1,0,1,0,0,0,1,0,0,0,0,1,0,1,0,1,0,0,"acc"
"376",0,0,0,1,0,1,0,0,0,1,0,0,0,0,1,1,0,0,0,1,0,"unacc"
"377",0,0,0,1,0,1,0,0,0,1,0,0,0,0,1,1,0,0,0,0,1,"acc"
"378",0,0,0,1,0,1,0,0,0,1,0,0,0,0,1,1,0,0,1,0,0,"acc"
"379",0,0,0,1,0,1,0,0,0,0,1,0,1,0,0,0,0,1,0,1,0,"unacc"
"380",0,0,0,1,0,1,0,0,0,0,1,0,1,0,0,0,0,1,0,0,1,"unacc"
"381",0,0,0,1,0,1,0,0,0,0,1,0,1,0,0,0,0,1,1,0,0,"unacc"
"382",0,0,0,1,0,1,0,0,0,0,1,0,1,0,0,0,1,0,0,1,0,"unacc"
"383",0,0,0,1,0,1,0,0,0,0,1,0,1,0,0,0,1,0,0,0,1,"unacc"
"384",0,0,0,1,0,1,0,0,0,0,1,0,1,0,0,0,1,0,1,0,0,"unacc"
"386",0,0,0,1,0,1,0,0,0,0,1,0,1,0,0,1,0,0,0,0,1,"unacc"
"387",0,0,0,1,0,1,0,0,0,0,1,0,1,0,0,1,0,0,1,0,0,"unacc"
"388",0,0,0,1,0,1,0,0,0,0,1,0,0,1,0,0,0,1,0,1,0,"unacc"
"389",0,0,0,1,0,1,0,0,0,0,1,0,0,1,0,0,0,1,0,0,1,"unacc"
"390",0,0,0,1,0,1,0,0,0,0,1,0,0,1,0,0,0,1,1,0,0,"acc"
"391",0,0,0,1,0,1,0,0,0,0,1,0,0,1,0,0,1,0,0,1,0,"unacc"
"393",0,0,0,1,0,1,0,0,0,0,1,0,0,1,0,0,1,0,1,0,0,"acc"
"394",0,0,0,1,0,1,0,0,0,0,1,0,0,1,0,1,0,0,0,1,0,"unacc"
"395",0,0,0,1,0,1,0,0,0,0,1,0,0,1,0,1,0,0,0,0,1,"acc"
"396",0,0,0,1,0,1,0,0,0,0,1,0,0,1,0,1,0,0,1,0,0,"acc"
"397",0,0,0,1,0,1,0,0,0,0,1,0,0,0,1,0,0,1,0,1,0,"unacc"
"398",0,0,0,1,0,1,0,0,0,0,1,0,0,0,1,0,0,1,0,0,1,"unacc"
"399",0,0,0,1,0,1,0,0,0,0,1,0,0,0,1,0,0,1,1,0,0,"acc"
"400",0,0,0,1,0,1,0,0,0,0,1,0,0,0,1,0,1,0,0,1,0,"unacc"
"401",0,0,0,1,0,1,0,0,0,0,1,0,0,0,1,0,1,0,0,0,1,"acc"
"402",0,0,0,1,0,1,0,0,0,0,1,0,0,0,1,0,1,0,1,0,0,"acc"
"403",0,0,0,1,0,1,0,0,0,0,1,0,0,0,1,1,0,0,0,1,0,"unacc"
"405",0,0,0,1,0,1,0,0,0,0,1,0,0,0,1,1,0,0,1,0,0,"acc"
"406",0,0,0,1,0,1,0,0,0,0,0,1,1,0,0,0,0,1,0,1,0,"unacc"
"409",0,0,0,1,0,1,0,0,0,0,0,1,1,0,0,0,1,0,0,1,0,"unacc"
"411",0,0,0,1,0,1,0,0,0,0,0,1,1,0,0,0,1,0,1,0,0,"unacc"
"412",0,0,0,1,0,1,0,0,0,0,0,1,1,0,0,1,0,0,0,1,0,"unacc"
"413",0,0,0,1,0,1,0,0,0,0,0,1,1,0,0,1,0,0,0,0,1,"unacc"
"414",0,0,0,1,0,1,0,0,0,0,0,1,1,0,0,1,0,0,1,0,0,"unacc"
"416",0,0,0,1,0,1,0,0,0,0,0,1,0,1,0,0,0,1,0,0,1,"unacc"
"417",0,0,0,1,0,1,0,0,0,0,0,1,0,1,0,0,0,1,1,0,0,"acc"
"418",0,0,0,1,0,1,0,0,0,0,0,1,0,1,0,0,1,0,0,1,0,"unacc"
"419",0,0,0,1,0,1,0,0,0,0,0,1,0,1,0,0,1,0,0,0,1,"acc"
"420",0,0,0,1,0,1,0,0,0,0,0,1,0,1,0,0,1,0,1,0,0,"acc"
"421",0,0,0,1,0,1,0,0,0,0,0,1,0,1,0,1,0,0,0,1,0,"unacc"
"422",0,0,0,1,0,1,0,0,0,0,0,1,0,1,0,1,0,0,0,0,1,"acc"
"424",0,0,0,1,0,1,0,0,0,0,0,1,0,0,1,0,0,1,0,1,0,"unacc"
"425",0,0,0,1,0,1,0,0,0,0,0,1,0,0,1,0,0,1,0,0,1,"unacc"
"426",0,0,0,1,0,1,0,0,0,0,0,1,0,0,1,0,0,1,1,0,0,"acc"
"427",0,0,0,1,0,1,0,0,0,0,0,1,0,0,1,0,1,0,0,1,0,"unacc"
"428",0,0,0,1,0,1,0,0,0,0,0,1,0,0,1,0,1,0,0,0,1,"acc"
"429",0,0,0,1,0,1,0,0,0,0,0,1,0,0,1,0,1,0,1,0,0,"acc"
"430",0,0,0,1,0,1,0,0,0,0,0,1,0,0,1,1,0,0,0,1,0,"unacc"
"431",0,0,0,1,0,1,0,0,0,0,0,1,0,0,1,1,0,0,0,0,1,"acc"
"432",0,0,0,1,0,1,0,0,0,0,0,1,0,0,1,1,0,0,1,0,0,"acc"
"433",1,0,0,0,0,0,0,1,1,0,0,0,1,0,0,0,0,1,0,1,0,"unacc"
"434",1,0,0,0,0,0,0,1,1,0,0,0,1,0,0,0,0,1,0,0,1,"unacc"
"437",1,0,0,0,0,0,0,1,1,0,0,0,1,0,0,0,1,0,0,0,1,"unacc"
"438",1,0,0,0,0,0,0,1,1,0,0,0,1,0,0,0,1,0,1,0,0,"unacc"
"439",1,0,0,0,0,0,0,1,1,0,0,0,1,0,0,1,0,0,0,1,0,"unacc"
"440",1,0,0,0,0,0,0,1,1,0,0,0,1,0,0,1,0,0,0,0,1,"unacc"
"441",1,0,0,0,0,0,0,1,1,0,0,0,1,0,0,1,0,0,1,0,0,"unacc"
"442",1,0,0,0,0,0,0,1,1,0,0,0,0,1,0,0,0,1,0,1,0,"unacc"
"443",1,0,0,0,0,0,0,1,1,0,0,0,0,1,0,0,0,1,0,0,1,"unacc"
"444",1,0,0,0,0,0,0,1,1,0,0,0,0,1,0,0,0,1,1,0,0,"unacc"
"445",1,0,0,0,0,0,0,1,1,0,0,0,0,1,0,0,1,0,0,1,0,"unacc"
"447",1,0,0,0,0,0,0,1,1,0,0,0,0,1,0,0,1,0,1,0,0,"unacc"
"448",1,0,0,0,0,0,0,1,1,0,0,0,0,1,0,1,0,0,0,1,0,"unacc"
"449",1,0,0,0,0,0,0,1,1,0,0,0,0,1,0,1,0,0,0,0,1,"unacc"
"450",1,0,0,0,0,0,0,1,1,0,0,0,0,1,0,1,0,0,1,0,0,"unacc"
"453",1,0,0,0,0,0,0,1,1,0,0,0,0,0,1,0,0,1,1,0,0,"unacc"
"455",1,0,0,0,0,0,0,1,1,0,0,0,0,0,1,0,1,0,0,0,1,"unacc"
"456",1,0,0,0,0,0,0,1,1,0,0,0,0,0,1,0,1,0,1,0,0,"unacc"
"457",1,0,0,0,0,0,0,1,1,0,0,0,0,0,1,1,0,0,0,1,0,"unacc"
"458",1,0,0,0,0,0,0,1,1,0,0,0,0,0,1,1,0,0,0,0,1,"unacc"
"459",1,0,0,0,0,0,0,1,1,0,0,0,0,0,1,1,0,0,1,0,0,"unacc"
"460",1,0,0,0,0,0,0,1,0,1,0,0,1,0,0,0,0,1,0,1,0,"unacc"
"461",1,0,0,0,0,0,0,1,0,1,0,0,1,0,0,0,0,1,0,0,1,"unacc"
"464",1,0,0,0,0,0,0,1,0,1,0,0,1,0,0,0,1,0,0,0,1,"unacc"
"466",1,0,0,0,0,0,0,1,0,1,0,0,1,0,0,1,0,0,0,1,0,"unacc"
"467",1,0,0,0,0,0,0,1,0,1,0,0,1,0,0,1,0,0,0,0,1,"unacc"
"468",1,0,0,0,0,0,0,1,0,1,0,0,1,0,0,1,0,0,1,0,0,"unacc"
"469",1,0,0,0,0,0,0,1,0,1,0,0,0,1,0,0,0,1,0,1,0,"unacc"
"470",1,0,0,0,0,0,0,1,0,1,0,0,0,1,0,0,0,1,0,0,1,"unacc"
"471",1,0,0,0,0,0,0,1,0,1,0,0,0,1,0,0,0,1,1,0,0,"unacc"
"472",1,0,0,0,0,0,0,1,0,1,0,0,0,1,0,0,1,0,0,1,0,"unacc"
"473",1,0,0,0,0,0,0,1,0,1,0,0,0,1,0,0,1,0,0,0,1,"unacc"
"474",1,0,0,0,0,0,0,1,0,1,0,0,0,1,0,0,1,0,1,0,0,"unacc"
"475",1,0,0,0,0,0,0,1,0,1,0,0,0,1,0,1,0,0,0,1,0,"unacc"
"476",1,0,0,0,0,0,0,1,0,1,0,0,0,1,0,1,0,0,0,0,1,"unacc"
"477",1,0,0,0,0,0,0,1,0,1,0,0,0,1,0,1,0,0,1,0,0,"unacc"
"478",1,0,0,0,0,0,0,1,0,1,0,0,0,0,1,0,0,1,0,1,0,"unacc"
"479",1,0,0,0,0,0,0,1,0,1,0,0,0,0,1,0,0,1,0,0,1,"unacc"
"480",1,0,0,0,0,0,0,1,0,1,0,0,0,0,1,0,0,1,1,0,0,"unacc"
"481",1,0,0,0,0,0,0,1,0,1,0,0,0,0,1,0,1,0,0,1,0,"unacc"
"483",1,0,0,0,0,0,0,1,0,1,0,0,0,0,1,0,1,0,1,0,0,"unacc"
"485",1,0,0,0,0,0,0,1,0,1,0,0,0,0,1,1,0,0,0,0,1,"unacc"
"486",1,0,0,0,0,0,0,1,0,1,0,0,0,0,1,1,0,0,1,0,0,"unacc"
"487",1,0,0,0,0,0,0,1,0,0,1,0,1,0,0,0,0,1,0,1,0,"unacc"
"488",1,0,0,0,0,0,0,1,0,0,1,0,1,0,0,0,0,1,0,0,1,"unacc"
"489",1,0,0,0,0,0,0,1,0,0,1,0,1,0,0,0,0,1,1,0,0,"unacc"
"490",1,0,0,0,0,0,0,1,0,0,1,0,1,0,0,0,1,0,0,1,0,"unacc"
"491",1,0,0,0,0,0,0,1,0,0,1,0,1,0,0,0,1,0,0,0,1,"unacc"
"492",1,0,0,0,0,0,0,1,0,0,1,0,1,0,0,0,1,0,1,0,0,"unacc"
"493",1,0,0,0,0,0,0,1,0,0,1,0,1,0,0,1,0,0,0,1,0,"unacc"
"494",1,0,0,0,0,0,0,1,0,0,1,0,1,0,0,1,0,0,0,0,1,"unacc"
"496",1,0,0,0,0,0,0,1,0,0,1,0,0,1,0,0,0,1,0,1,0,"unacc"
"497",1,0,0,0,0,0,0,1,0,0,1,0,0,1,0,0,0,1,0,0,1,"unacc"
"498",1,0,0,0,0,0,0,1,0,0,1,0,0,1,0,0,0,1,1,0,0,"unacc"
"499",1,0,0,0,0,0,0,1,0,0,1,0,0,1,0,0,1,0,0,1,0,"unacc"
"500",1,0,0,0,0,0,0,1,0,0,1,0,0,1,0,0,1,0,0,0,1,"unacc"
"501",1,0,0,0,0,0,0,1,0,0,1,0,0,1,0,0,1,0,1,0,0,"unacc"
"506",1,0,0,0,0,0,0,1,0,0,1,0,0,0,1,0,0,1,0,0,1,"unacc"
"507",1,0,0,0,0,0,0,1,0,0,1,0,0,0,1,0,0,1,1,0,0,"unacc"
"508",1,0,0,0,0,0,0,1,0,0,1,0,0,0,1,0,1,0,0,1,0,"unacc"
"509",1,0,0,0,0,0,0,1,0,0,1,0,0,0,1,0,1,0,0,0,1,"unacc"
"510",1,0,0,0,0,0,0,1,0,0,1,0,0,0,1,0,1,0,1,0,0,"unacc"
"511",1,0,0,0,0,0,0,1,0,0,1,0,0,0,1,1,0,0,0,1,0,"unacc"
"512",1,0,0,0,0,0,0,1,0,0,1,0,0,0,1,1,0,0,0,0,1,"unacc"
"513",1,0,0,0,0,0,0,1,0,0,1,0,0,0,1,1,0,0,1,0,0,"unacc"
"514",1,0,0,0,0,0,0,1,0,0,0,1,1,0,0,0,0,1,0,1,0,"unacc"
"516",1,0,0,0,0,0,0,1,0,0,0,1,1,0,0,0,0,1,1,0,0,"unacc"
"517",1,0,0,0,0,0,0,1,0,0,0,1,1,0,0,0,1,0,0,1,0,"unacc"
"518",1,0,0,0,0,0,0,1,0,0,0,1,1,0,0,0,1,0,0,0,1,"unacc"
"519",1,0,0,0,0,0,0,1,0,0,0,1,1,0,0,0,1,0,1,0,0,"unacc"
"521",1,0,0,0,0,0,0,1,0,0,0,1,1,0,0,1,0,0,0,0,1,"unacc"
"522",1,0,0,0,0,0,0,1,0,0,0,1,1,0,0,1,0,0,1,0,0,"unacc"
"523",1,0,0,0,0,0,0,1,0,0,0,1,0,1,0,0,0,1,0,1,0,"unacc"
"524",1,0,0,0,0,0,0,1,0,0,0,1,0,1,0,0,0,1,0,0,1,"unacc"
"526",1,0,0,0,0,0,0,1,0,0,0,1,0,1,0,0,1,0,0,1,0,"unacc"
"527",1,0,0,0,0,0,0,1,0,0,0,1,0,1,0,0,1,0,0,0,1,"unacc"
"529",1,0,0,0,0,0,0,1,0,0,0,1,0,1,0,1,0,0,0,1,0,"unacc"
"530",1,0,0,0,0,0,0,1,0,0,0,1,0,1,0,1,0,0,0,0,1,"unacc"
"531",1,0,0,0,0,0,0,1,0,0,0,1,0,1,0,1,0,0,1,0,0,"unacc"
"532",1,0,0,0,0,0,0,1,0,0,0,1,0,0,1,0,0,1,0,1,0,"unacc"
"533",1,0,0,0,0,0,0,1,0,0,0,1,0,0,1,0,0,1,0,0,1,"unacc"
"534",1,0,0,0,0,0,0,1,0,0,0,1,0,0,1,0,0,1,1,0,0,"unacc"
"535",1,0,0,0,0,0,0,1,0,0,0,1,0,0,1,0,1,0,0,1,0,"unacc"
"536",1,0,0,0,0,0,0,1,0,0,0,1,0,0,1,0,1,0,0,0,1,"unacc"
"537",1,0,0,0,0,0,0,1,0,0,0,1,0,0,1,0,1,0,1,0,0,"unacc"
"538",1,0,0,0,0,0,0,1,0,0,0,1,0,0,1,1,0,0,0,1,0,"unacc"
"539",1,0,0,0,0,0,0,1,0,0,0,1,0,0,1,1,0,0,0,0,1,"unacc"
"540",1,0,0,0,0,0,0,1,0,0,0,1,0,0,1,1,0,0,1,0,0,"unacc"
"541",1,0,0,0,1,0,0,0,1,0,0,0,1,0,0,0,0,1,0,1,0,"unacc"
"542",1,0,0,0,1,0,0,0,1,0,0,0,1,0,0,0,0,1,0,0,1,"unacc"
"544",1,0,0,0,1,0,0,0,1,0,0,0,1,0,0,0,1,0,0,1,0,"unacc"
"545",1,0,0,0,1,0,0,0,1,0,0,0,1,0,0,0,1,0,0,0,1,"unacc"
"547",1,0,0,0,1,0,0,0,1,0,0,0,1,0,0,1,0,0,0,1,0,"unacc"
"548",1,0,0,0,1,0,0,0,1,0,0,0,1,0,0,1,0,0,0,0,1,"unacc"
"549",1,0,0,0,1,0,0,0,1,0,0,0,1,0,0,1,0,0,1,0,0,"unacc"
"550",1,0,0,0,1,0,0,0,1,0,0,0,0,1,0,0,0,1,0,1,0,"unacc"
"551",1,0,0,0,1,0,0,0,1,0,0,0,0,1,0,0,0,1,0,0,1,"unacc"
"553",1,0,0,0,1,0,0,0,1,0,0,0,0,1,0,0,1,0,0,1,0,"unacc"
"554",1,0,0,0,1,0,0,0,1,0,0,0,0,1,0,0,1,0,0,0,1,"unacc"
"555",1,0,0,0,1,0,0,0,1,0,0,0,0,1,0,0,1,0,1,0,0,"acc"
"557",1,0,0,0,1,0,0,0,1,0,0,0,0,1,0,1,0,0,0,0,1,"acc"
"558",1,0,0,0,1,0,0,0,1,0,0,0,0,1,0,1,0,0,1,0,0,"acc"
"559",1,0,0,0,1,0,0,0,1,0,0,0,0,0,1,0,0,1,0,1,0,"unacc"
"560",1,0,0,0,1,0,0,0,1,0,0,0,0,0,1,0,0,1,0,0,1,"unacc"
"561",1,0,0,0,1,0,0,0,1,0,0,0,0,0,1,0,0,1,1,0,0,"unacc"
"563",1,0,0,0,1,0,0,0,1,0,0,0,0,0,1,0,1,0,0,0,1,"unacc"
"565",1,0,0,0,1,0,0,0,1,0,0,0,0,0,1,1,0,0,0,1,0,"unacc"
"566",1,0,0,0,1,0,0,0,1,0,0,0,0,0,1,1,0,0,0,0,1,"acc"
"567",1,0,0,0,1,0,0,0,1,0,0,0,0,0,1,1,0,0,1,0,0,"acc"
"568",1,0,0,0,1,0,0,0,0,1,0,0,1,0,0,0,0,1,0,1,0,"unacc"
"569",1,0,0,0,1,0,0,0,0,1,0,0,1,0,0,0,0,1,0,0,1,"unacc"
"570",1,0,0,0,1,0,0,0,0,1,0,0,1,0,0,0,0,1,1,0,0,"unacc"
"571",1,0,0,0,1,0,0,0,0,1,0,0,1,0,0,0,1,0,0,1,0,"unacc"
"572",1,0,0,0,1,0,0,0,0,1,0,0,1,0,0,0,1,0,0,0,1,"unacc"
"574",1,0,0,0,1,0,0,0,0,1,0,0,1,0,0,1,0,0,0,1,0,"unacc"
"575",1,0,0,0,1,0,0,0,0,1,0,0,1,0,0,1,0,0,0,0,1,"unacc"
"576",1,0,0,0,1,0,0,0,0,1,0,0,1,0,0,1,0,0,1,0,0,"unacc"
"577",1,0,0,0,1,0,0,0,0,1,0,0,0,1,0,0,0,1,0,1,0,"unacc"
"578",1,0,0,0,1,0,0,0,0,1,0,0,0,1,0,0,0,1,0,0,1,"unacc"
"579",1,0,0,0,1,0,0,0,0,1,0,0,0,1,0,0,0,1,1,0,0,"acc"
"581",1,0,0,0,1,0,0,0,0,1,0,0,0,1,0,0,1,0,0,0,1,"unacc"
"582",1,0,0,0,1,0,0,0,0,1,0,0,0,1,0,0,1,0,1,0,0,"acc"
"583",1,0,0,0,1,0,0,0,0,1,0,0,0,1,0,1,0,0,0,1,0,"unacc"
"584",1,0,0,0,1,0,0,0,0,1,0,0,0,1,0,1,0,0,0,0,1,"acc"
"586",1,0,0,0,1,0,0,0,0,1,0,0,0,0,1,0,0,1,0,1,0,"unacc"
"587",1,0,0,0,1,0,0,0,0,1,0,0,0,0,1,0,0,1,0,0,1,"unacc"
"588",1,0,0,0,1,0,0,0,0,1,0,0,0,0,1,0,0,1,1,0,0,"acc"
"589",1,0,0,0,1,0,0,0,0,1,0,0,0,0,1,0,1,0,0,1,0,"unacc"
"590",1,0,0,0,1,0,0,0,0,1,0,0,0,0,1,0,1,0,0,0,1,"acc"
"591",1,0,0,0,1,0,0,0,0,1,0,0,0,0,1,0,1,0,1,0,0,"acc"
"592",1,0,0,0,1,0,0,0,0,1,0,0,0,0,1,1,0,0,0,1,0,"unacc"
"593",1,0,0,0,1,0,0,0,0,1,0,0,0,0,1,1,0,0,0,0,1,"acc"
"594",1,0,0,0,1,0,0,0,0,1,0,0,0,0,1,1,0,0,1,0,0,"acc"
"595",1,0,0,0,1,0,0,0,0,0,1,0,1,0,0,0,0,1,0,1,0,"unacc"
"596",1,0,0,0,1,0,0,0,0,0,1,0,1,0,0,0,0,1,0,0,1,"unacc"
"597",1,0,0,0,1,0,0,0,0,0,1,0,1,0,0,0,0,1,1,0,0,"unacc"
"598",1,0,0,0,1,0,0,0,0,0,1,0,1,0,0,0,1,0,0,1,0,"unacc"
"599",1,0,0,0,1,0,0,0,0,0,1,0,1,0,0,0,1,0,0,0,1,"unacc"
"600",1,0,0,0,1,0,0,0,0,0,1,0,1,0,0,0,1,0,1,0,0,"unacc"
"601",1,0,0,0,1,0,0,0,0,0,1,0,1,0,0,1,0,0,0,1,0,"unacc"
"602",1,0,0,0,1,0,0,0,0,0,1,0,1,0,0,1,0,0,0,0,1,"unacc"
"603",1,0,0,0,1,0,0,0,0,0,1,0,1,0,0,1,0,0,1,0,0,"unacc"
"604",1,0,0,0,1,0,0,0,0,0,1,0,0,1,0,0,0,1,0,1,0,"unacc"
"605",1,0,0,0,1,0,0,0,0,0,1,0,0,1,0,0,0,1,0,0,1,"unacc"
"606",1,0,0,0,1,0,0,0,0,0,1,0,0,1,0,0,0,1,1,0,0,"acc"
"607",1,0,0,0,1,0,0,0,0,0,1,0,0,1,0,0,1,0,0,1,0,"unacc"
"608",1,0,0,0,1,0,0,0,0,0,1,0,0,1,0,0,1,0,0,0,1,"acc"
"609",1,0,0,0,1,0,0,0,0,0,1,0,0,1,0,0,1,0,1,0,0,"acc"
"610",1,0,0,0,1,0,0,0,0,0,1,0,0,1,0,1,0,0,0,1,0,"unacc"
"611",1,0,0,0,1,0,0,0,0,0,1,0,0,1,0,1,0,0,0,0,1,"acc"
"612",1,0,0,0,1,0,0,0,0,0,1,0,0,1,0,1,0,0,1,0,0,"acc"
"613",1,0,0,0,1,0,0,0,0,0,1,0,0,0,1,0,0,1,0,1,0,"unacc"
"614",1,0,0,0,1,0,0,0,0,0,1,0,0,0,1,0,0,1,0,0,1,"unacc"
"615",1,0,0,0,1,0,0,0,0,0,1,0,0,0,1,0,0,1,1,0,0,"acc"
"616",1,0,0,0,1,0,0,0,0,0,1,0,0,0,1,0,1,0,0,1,0,"unacc"
"617",1,0,0,0,1,0,0,0,0,0,1,0,0,0,1,0,1,0,0,0,1,"acc"
"618",1,0,0,0,1,0,0,0,0,0,1,0,0,0,1,0,1,0,1,0,0,"acc"
"619",1,0,0,0,1,0,0,0,0,0,1,0,0,0,1,1,0,0,0,1,0,"unacc"
"620",1,0,0,0,1,0,0,0,0,0,1,0,0,0,1,1,0,0,0,0,1,"acc"
"621",1,0,0,0,1,0,0,0,0,0,1,0,0,0,1,1,0,0,1,0,0,"acc"
"622",1,0,0,0,1,0,0,0,0,0,0,1,1,0,0,0,0,1,0,1,0,"unacc"
"623",1,0,0,0,1,0,0,0,0,0,0,1,1,0,0,0,0,1,0,0,1,"unacc"
"624",1,0,0,0,1,0,0,0,0,0,0,1,1,0,0,0,0,1,1,0,0,"unacc"
"625",1,0,0,0,1,0,0,0,0,0,0,1,1,0,0,0,1,0,0,1,0,"unacc"
"628",1,0,0,0,1,0,0,0,0,0,0,1,1,0,0,1,0,0,0,1,0,"unacc"
"629",1,0,0,0,1,0,0,0,0,0,0,1,1,0,0,1,0,0,0,0,1,"unacc"
"630",1,0,0,0,1,0,0,0,0,0,0,1,1,0,0,1,0,0,1,0,0,"unacc"
"631",1,0,0,0,1,0,0,0,0,0,0,1,0,1,0,0,0,1,0,1,0,"unacc"
"632",1,0,0,0,1,0,0,0,0,0,0,1,0,1,0,0,0,1,0,0,1,"unacc"
"633",1,0,0,0,1,0,0,0,0,0,0,1,0,1,0,0,0,1,1,0,0,"acc"
"634",1,0,0,0,1,0,0,0,0,0,0,1,0,1,0,0,1,0,0,1,0,"unacc"
"636",1,0,0,0,1,0,0,0,0,0,0,1,0,1,0,0,1,0,1,0,0,"acc"
"638",1,0,0,0,1,0,0,0,0,0,0,1,0,1,0,1,0,0,0,0,1,"acc"
"641",1,0,0,0,1,0,0,0,0,0,0,1,0,0,1,0,0,1,0,0,1,"unacc"
"642",1,0,0,0,1,0,0,0,0,0,0,1,0,0,1,0,0,1,1,0,0,"acc"
"643",1,0,0,0,1,0,0,0,0,0,0,1,0,0,1,0,1,0,0,1,0,"unacc"
"644",1,0,0,0,1,0,0,0,0,0,0,1,0,0,1,0,1,0,0,0,1,"acc"
"645",1,0,0,0,1,0,0,0,0,0,0,1,0,0,1,0,1,0,1,0,0,"acc"
"647",1,0,0,0,1,0,0,0,0,0,0,1,0,0,1,1,0,0,0,0,1,"acc"
"648",1,0,0,0,1,0,0,0,0,0,0,1,0,0,1,1,0,0,1,0,0,"acc"
"649",1,0,0,0,0,0,1,0,1,0,0,0,1,0,0,0,0,1,0,1,0,"unacc"
"650",1,0,0,0,0,0,1,0,1,0,0,0,1,0,0,0,0,1,0,0,1,"unacc"
"651",1,0,0,0,0,0,1,0,1,0,0,0,1,0,0,0,0,1,1,0,0,"unacc"
"652",1,0,0,0,0,0,1,0,1,0,0,0,1,0,0,0,1,0,0,1,0,"unacc"
"653",1,0,0,0,0,0,1,0,1,0,0,0,1,0,0,0,1,0,0,0,1,"unacc"
"654",1,0,0,0,0,0,1,0,1,0,0,0,1,0,0,0,1,0,1,0,0,"unacc"
"655",1,0,0,0,0,0,1,0,1,0,0,0,1,0,0,1,0,0,0,1,0,"unacc"
"656",1,0,0,0,0,0,1,0,1,0,0,0,1,0,0,1,0,0,0,0,1,"unacc"
"657",1,0,0,0,0,0,1,0,1,0,0,0,1,0,0,1,0,0,1,0,0,"unacc"
"658",1,0,0,0,0,0,1,0,1,0,0,0,0,1,0,0,0,1,0,1,0,"unacc"
"659",1,0,0,0,0,0,1,0,1,0,0,0,0,1,0,0,0,1,0,0,1,"unacc"
"660",1,0,0,0,0,0,1,0,1,0,0,0,0,1,0,0,0,1,1,0,0,"acc"
"661",1,0,0,0,0,0,1,0,1,0,0,0,0,1,0,0,1,0,0,1,0,"unacc"
"662",1,0,0,0,0,0,1,0,1,0,0,0,0,1,0,0,1,0,0,0,1,"unacc"
"663",1,0,0,0,0,0,1,0,1,0,0,0,0,1,0,0,1,0,1,0,0,"acc"
"664",1,0,0,0,0,0,1,0,1,0,0,0,0,1,0,1,0,0,0,1,0,"unacc"
"665",1,0,0,0,0,0,1,0,1,0,0,0,0,1,0,1,0,0,0,0,1,"acc"
"666",1,0,0,0,0,0,1,0,1,0,0,0,0,1,0,1,0,0,1,0,0,"acc"
"667",1,0,0,0,0,0,1,0,1,0,0,0,0,0,1,0,0,1,0,1,0,"unacc"
"668",1,0,0,0,0,0,1,0,1,0,0,0,0,0,1,0,0,1,0,0,1,"unacc"
"669",1,0,0,0,0,0,1,0,1,0,0,0,0,0,1,0,0,1,1,0,0,"unacc"
"670",1,0,0,0,0,0,1,0,1,0,0,0,0,0,1,0,1,0,0,1,0,"unacc"
"672",1,0,0,0,0,0,1,0,1,0,0,0,0,0,1,0,1,0,1,0,0,"acc"
"673",1,0,0,0,0,0,1,0,1,0,0,0,0,0,1,1,0,0,0,1,0,"unacc"
"675",1,0,0,0,0,0,1,0,1,0,0,0,0,0,1,1,0,0,1,0,0,"acc"
"676",1,0,0,0,0,0,1,0,0,1,0,0,1,0,0,0,0,1,0,1,0,"unacc"
"677",1,0,0,0,0,0,1,0,0,1,0,0,1,0,0,0,0,1,0,0,1,"unacc"
"678",1,0,0,0,0,0,1,0,0,1,0,0,1,0,0,0,0,1,1,0,0,"unacc"
"679",1,0,0,0,0,0,1,0,0,1,0,0,1,0,0,0,1,0,0,1,0,"unacc"
"681",1,0,0,0,0,0,1,0,0,1,0,0,1,0,0,0,1,0,1,0,0,"unacc"
"682",1,0,0,0,0,0,1,0,0,1,0,0,1,0,0,1,0,0,0,1,0,"unacc"
"683",1,0,0,0,0,0,1,0,0,1,0,0,1,0,0,1,0,0,0,0,1,"unacc"
"684",1,0,0,0,0,0,1,0,0,1,0,0,1,0,0,1,0,0,1,0,0,"unacc"
"685",1,0,0,0,0,0,1,0,0,1,0,0,0,1,0,0,0,1,0,1,0,"unacc"
"686",1,0,0,0,0,0,1,0,0,1,0,0,0,1,0,0,0,1,0,0,1,"unacc"
"687",1,0,0,0,0,0,1,0,0,1,0,0,0,1,0,0,0,1,1,0,0,"acc"
"688",1,0,0,0,0,0,1,0,0,1,0,0,0,1,0,0,1,0,0,1,0,"unacc"
"689",1,0,0,0,0,0,1,0,0,1,0,0,0,1,0,0,1,0,0,0,1,"unacc"
"690",1,0,0,0,0,0,1,0,0,1,0,0,0,1,0,0,1,0,1,0,0,"acc"
"691",1,0,0,0,0,0,1,0,0,1,0,0,0,1,0,1,0,0,0,1,0,"unacc"
"693",1,0,0,0,0,0,1,0,0,1,0,0,0,1,0,1,0,0,1,0,0,"acc"
"695",1,0,0,0,0,0,1,0,0,1,0,0,0,0,1,0,0,1,0,0,1,"unacc"
"696",1,0,0,0,0,0,1,0,0,1,0,0,0,0,1,0,0,1,1,0,0,"acc"
"697",1,0,0,0,0,0,1,0,0,1,0,0,0,0,1,0,1,0,0,1,0,"unacc"
"700",1,0,0,0,0,0,1,0,0,1,0,0,0,0,1,1,0,0,0,1,0,"unacc"
"701",1,0,0,0,0,0,1,0,0,1,0,0,0,0,1,1,0,0,0,0,1,"acc"
"702",1,0,0,0,0,0,1,0,0,1,0,0,0,0,1,1,0,0,1,0,0,"acc"
"703",1,0,0,0,0,0,1,0,0,0,1,0,1,0,0,0,0,1,0,1,0,"unacc"
"704",1,0,0,0,0,0,1,0,0,0,1,0,1,0,0,0,0,1,0,0,1,"unacc"
"705",1,0,0,0,0,0,1,0,0,0,1,0,1,0,0,0,0,1,1,0,0,"unacc"
"706",1,0,0,0,0,0,1,0,0,0,1,0,1,0,0,0,1,0,0,1,0,"unacc"
"707",1,0,0,0,0,0,1,0,0,0,1,0,1,0,0,0,1,0,0,0,1,"unacc"
"708",1,0,0,0,0,0,1,0,0,0,1,0,1,0,0,0,1,0,1,0,0,"unacc"
"709",1,0,0,0,0,0,1,0,0,0,1,0,1,0,0,1,0,0,0,1,0,"unacc"
"710",1,0,0,0,0,0,1,0,0,0,1,0,1,0,0,1,0,0,0,0,1,"unacc"
"711",1,0,0,0,0,0,1,0,0,0,1,0,1,0,0,1,0,0,1,0,0,"unacc"
"713",1,0,0,0,0,0,1,0,0,0,1,0,0,1,0,0,0,1,0,0,1,"unacc"
"714",1,0,0,0,0,0,1,0,0,0,1,0,0,1,0,0,0,1,1,0,0,"acc"
"715",1,0,0,0,0,0,1,0,0,0,1,0,0,1,0,0,1,0,0,1,0,"unacc"
"718",1,0,0,0,0,0,1,0,0,0,1,0,0,1,0,1,0,0,0,1,0,"unacc"
"720",1,0,0,0,0,0,1,0,0,0,1,0,0,1,0,1,0,0,1,0,0,"acc"
"721",1,0,0,0,0,0,1,0,0,0,1,0,0,0,1,0,0,1,0,1,0,"unacc"
"722",1,0,0,0,0,0,1,0,0,0,1,0,0,0,1,0,0,1,0,0,1,"unacc"
"723",1,0,0,0,0,0,1,0,0,0,1,0,0,0,1,0,0,1,1,0,0,"acc"
"724",1,0,0,0,0,0,1,0,0,0,1,0,0,0,1,0,1,0,0,1,0,"unacc"
"725",1,0,0,0,0,0,1,0,0,0,1,0,0,0,1,0,1,0,0,0,1,"acc"
"726",1,0,0,0,0,0,1,0,0,0,1,0,0,0,1,0,1,0,1,0,0,"acc"
"728",1,0,0,0,0,0,1,0,0,0,1,0,0,0,1,1,0,0,0,0,1,"acc"
"730",1,0,0,0,0,0,1,0,0,0,0,1,1,0,0,0,0,1,0,1,0,"unacc"
"732",1,0,0,0,0,0,1,0,0,0,0,1,1,0,0,0,0,1,1,0,0,"unacc"
"735",1,0,0,0,0,0,1,0,0,0,0,1,1,0,0,0,1,0,1,0,0,"unacc"
"736",1,0,0,0,0,0,1,0,0,0,0,1,1,0,0,1,0,0,0,1,0,"unacc"
"737",1,0,0,0,0,0,1,0,0,0,0,1,1,0,0,1,0,0,0,0,1,"unacc"
"738",1,0,0,0,0,0,1,0,0,0,0,1,1,0,0,1,0,0,1,0,0,"unacc"
"739",1,0,0,0,0,0,1,0,0,0,0,1,0,1,0,0,0,1,0,1,0,"unacc"
"740",1,0,0,0,0,0,1,0,0,0,0,1,0,1,0,0,0,1,0,0,1,"unacc"
"741",1,0,0,0,0,0,1,0,0,0,0,1,0,1,0,0,0,1,1,0,0,"acc"
"742",1,0,0,0,0,0,1,0,0,0,0,1,0,1,0,0,1,0,0,1,0,"unacc"
"743",1,0,0,0,0,0,1,0,0,0,0,1,0,1,0,0,1,0,0,0,1,"acc"
"744",1,0,0,0,0,0,1,0,0,0,0,1,0,1,0,0,1,0,1,0,0,"acc"
"745",1,0,0,0,0,0,1,0,0,0,0,1,0,1,0,1,0,0,0,1,0,"unacc"
"746",1,0,0,0,0,0,1,0,0,0,0,1,0,1,0,1,0,0,0,0,1,"acc"
"748",1,0,0,0,0,0,1,0,0,0,0,1,0,0,1,0,0,1,0,1,0,"unacc"
"750",1,0,0,0,0,0,1,0,0,0,0,1,0,0,1,0,0,1,1,0,0,"acc"
"751",1,0,0,0,0,0,1,0,0,0,0,1,0,0,1,0,1,0,0,1,0,"unacc"
"753",1,0,0,0,0,0,1,0,0,0,0,1,0,0,1,0,1,0,1,0,0,"acc"
"754",1,0,0,0,0,0,1,0,0,0,0,1,0,0,1,1,0,0,0,1,0,"unacc"
"755",1,0,0,0,0,0,1,0,0,0,0,1,0,0,1,1,0,0,0,0,1,"acc"
"757",1,0,0,0,0,1,0,0,1,0,0,0,1,0,0,0,0,1,0,1,0,"unacc"
"758",1,0,0,0,0,1,0,0,1,0,0,0,1,0,0,0,0,1,0,0,1,"unacc"
"762",1,0,0,0,0,1,0,0,1,0,0,0,1,0,0,0,1,0,1,0,0,"unacc"
"763",1,0,0,0,0,1,0,0,1,0,0,0,1,0,0,1,0,0,0,1,0,"unacc"
"764",1,0,0,0,0,1,0,0,1,0,0,0,1,0,0,1,0,0,0,0,1,"unacc"
"766",1,0,0,0,0,1,0,0,1,0,0,0,0,1,0,0,0,1,0,1,0,"unacc"
"768",1,0,0,0,0,1,0,0,1,0,0,0,0,1,0,0,0,1,1,0,0,"acc"
"769",1,0,0,0,0,1,0,0,1,0,0,0,0,1,0,0,1,0,0,1,0,"unacc"
"771",1,0,0,0,0,1,0,0,1,0,0,0,0,1,0,0,1,0,1,0,0,"acc"
"773",1,0,0,0,0,1,0,0,1,0,0,0,0,1,0,1,0,0,0,0,1,"acc"
"774",1,0,0,0,0,1,0,0,1,0,0,0,0,1,0,1,0,0,1,0,0,"acc"
"776",1,0,0,0,0,1,0,0,1,0,0,0,0,0,1,0,0,1,0,0,1,"unacc"
"777",1,0,0,0,0,1,0,0,1,0,0,0,0,0,1,0,0,1,1,0,0,"unacc"
"778",1,0,0,0,0,1,0,0,1,0,0,0,0,0,1,0,1,0,0,1,0,"unacc"
"779",1,0,0,0,0,1,0,0,1,0,0,0,0,0,1,0,1,0,0,0,1,"unacc"
"780",1,0,0,0,0,1,0,0,1,0,0,0,0,0,1,0,1,0,1,0,0,"acc"
"781",1,0,0,0,0,1,0,0,1,0,0,0,0,0,1,1,0,0,0,1,0,"unacc"
"782",1,0,0,0,0,1,0,0,1,0,0,0,0,0,1,1,0,0,0,0,1,"acc"
"783",1,0,0,0,0,1,0,0,1,0,0,0,0,0,1,1,0,0,1,0,0,"acc"
"785",1,0,0,0,0,1,0,0,0,1,0,0,1,0,0,0,0,1,0,0,1,"unacc"
"786",1,0,0,0,0,1,0,0,0,1,0,0,1,0,0,0,0,1,1,0,0,"unacc"
"788",1,0,0,0,0,1,0,0,0,1,0,0,1,0,0,0,1,0,0,0,1,"unacc"
"790",1,0,0,0,0,1,0,0,0,1,0,0,1,0,0,1,0,0,0,1,0,"unacc"
"791",1,0,0,0,0,1,0,0,0,1,0,0,1,0,0,1,0,0,0,0,1,"unacc"
"792",1,0,0,0,0,1,0,0,0,1,0,0,1,0,0,1,0,0,1,0,0,"unacc"
"794",1,0,0,0,0,1,0,0,0,1,0,0,0,1,0,0,0,1,0,0,1,"unacc"
"795",1,0,0,0,0,1,0,0,0,1,0,0,0,1,0,0,0,1,1,0,0,"acc"
"796",1,0,0,0,0,1,0,0,0,1,0,0,0,1,0,0,1,0,0,1,0,"unacc"
"797",1,0,0,0,0,1,0,0,0,1,0,0,0,1,0,0,1,0,0,0,1,"unacc"
"798",1,0,0,0,0,1,0,0,0,1,0,0,0,1,0,0,1,0,1,0,0,"acc"
"799",1,0,0,0,0,1,0,0,0,1,0,0,0,1,0,1,0,0,0,1,0,"unacc"
"800",1,0,0,0,0,1,0,0,0,1,0,0,0,1,0,1,0,0,0,0,1,"acc"
"801",1,0,0,0,0,1,0,0,0,1,0,0,0,1,0,1,0,0,1,0,0,"acc"
"802",1,0,0,0,0,1,0,0,0,1,0,0,0,0,1,0,0,1,0,1,0,"unacc"
"803",1,0,0,0,0,1,0,0,0,1,0,0,0,0,1,0,0,1,0,0,1,"unacc"
"804",1,0,0,0,0,1,0,0,0,1,0,0,0,0,1,0,0,1,1,0,0,"acc"
"806",1,0,0,0,0,1,0,0,0,1,0,0,0,0,1,0,1,0,0,0,1,"acc"
"807",1,0,0,0,0,1,0,0,0,1,0,0,0,0,1,0,1,0,1,0,0,"acc"
"808",1,0,0,0,0,1,0,0,0,1,0,0,0,0,1,1,0,0,0,1,0,"unacc"
"809",1,0,0,0,0,1,0,0,0,1,0,0,0,0,1,1,0,0,0,0,1,"acc"
"810",1,0,0,0,0,1,0,0,0,1,0,0,0,0,1,1,0,0,1,0,0,"acc"
"811",1,0,0,0,0,1,0,0,0,0,1,0,1,0,0,0,0,1,0,1,0,"unacc"
"812",1,0,0,0,0,1,0,0,0,0,1,0,1,0,0,0,0,1,0,0,1,"unacc"
"814",1,0,0,0,0,1,0,0,0,0,1,0,1,0,0,0,1,0,0,1,0,"unacc"
"816",1,0,0,0,0,1,0,0,0,0,1,0,1,0,0,0,1,0,1,0,0,"unacc"
"818",1,0,0,0,0,1,0,0,0,0,1,0,1,0,0,1,0,0,0,0,1,"unacc"
"819",1,0,0,0,0,1,0,0,0,0,1,0,1,0,0,1,0,0,1,0,0,"unacc"
"820",1,0,0,0,0,1,0,0,0,0,1,0,0,1,0,0,0,1,0,1,0,"unacc"
"822",1,0,0,0,0,1,0,0,0,0,1,0,0,1,0,0,0,1,1,0,0,"acc"
"823",1,0,0,0,0,1,0,0,0,0,1,0,0,1,0,0,1,0,0,1,0,"unacc"
"824",1,0,0,0,0,1,0,0,0,0,1,0,0,1,0,0,1,0,0,0,1,"acc"
"825",1,0,0,0,0,1,0,0,0,0,1,0,0,1,0,0,1,0,1,0,0,"acc"
"827",1,0,0,0,0,1,0,0,0,0,1,0,0,1,0,1,0,0,0,0,1,"acc"
"829",1,0,0,0,0,1,0,0,0,0,1,0,0,0,1,0,0,1,0,1,0,"unacc"
"832",1,0,0,0,0,1,0,0,0,0,1,0,0,0,1,0,1,0,0,1,0,"unacc"
"833",1,0,0,0,0,1,0,0,0,0,1,0,0,0,1,0,1,0,0,0,1,"acc"
"834",1,0,0,0,0,1,0,0,0,0,1,0,0,0,1,0,1,0,1,0,0,"acc"
"835",1,0,0,0,0,1,0,0,0,0,1,0,0,0,1,1,0,0,0,1,0,"unacc"
"836",1,0,0,0,0,1,0,0,0,0,1,0,0,0,1,1,0,0,0,0,1,"acc"
"837",1,0,0,0,0,1,0,0,0,0,1,0,0,0,1,1,0,0,1,0,0,"acc"
"838",1,0,0,0,0,1,0,0,0,0,0,1,1,0,0,0,0,1,0,1,0,"unacc"
"840",1,0,0,0,0,1,0,0,0,0,0,1,1,0,0,0,0,1,1,0,0,"unacc"
"844",1,0,0,0,0,1,0,0,0,0,0,1,1,0,0,1,0,0,0,1,0,"unacc"
"845",1,0,0,0,0,1,0,0,0,0,0,1,1,0,0,1,0,0,0,0,1,"unacc"
"848",1,0,0,0,0,1,0,0,0,0,0,1,0,1,0,0,0,1,0,0,1,"unacc"
"849",1,0,0,0,0,1,0,0,0,0,0,1,0,1,0,0,0,1,1,0,0,"acc"
"850",1,0,0,0,0,1,0,0,0,0,0,1,0,1,0,0,1,0,0,1,0,"unacc"
"851",1,0,0,0,0,1,0,0,0,0,0,1,0,1,0,0,1,0,0,0,1,"acc"
"852",1,0,0,0,0,1,0,0,0,0,0,1,0,1,0,0,1,0,1,0,0,"acc"
"853",1,0,0,0,0,1,0,0,0,0,0,1,0,1,0,1,0,0,0,1,0,"unacc"
"854",1,0,0,0,0,1,0,0,0,0,0,1,0,1,0,1,0,0,0,0,1,"acc"
"856",1,0,0,0,0,1,0,0,0,0,0,1,0,0,1,0,0,1,0,1,0,"unacc"
"857",1,0,0,0,0,1,0,0,0,0,0,1,0,0,1,0,0,1,0,0,1,"unacc"
"858",1,0,0,0,0,1,0,0,0,0,0,1,0,0,1,0,0,1,1,0,0,"acc"
"859",1,0,0,0,0,1,0,0,0,0,0,1,0,0,1,0,1,0,0,1,0,"unacc"
"862",1,0,0,0,0,1,0,0,0,0,0,1,0,0,1,1,0,0,0,1,0,"unacc"
"863",1,0,0,0,0,1,0,0,0,0,0,1,0,0,1,1,0,0,0,0,1,"acc"
"865",0,0,1,0,0,0,0,1,1,0,0,0,1,0,0,0,0,1,0,1,0,"unacc"
"866",0,0,1,0,0,0,0,1,1,0,0,0,1,0,0,0,0,1,0,0,1,"unacc"
"868",0,0,1,0,0,0,0,1,1,0,0,0,1,0,0,0,1,0,0,1,0,"unacc"
"869",0,0,1,0,0,0,0,1,1,0,0,0,1,0,0,0,1,0,0,0,1,"unacc"
"870",0,0,1,0,0,0,0,1,1,0,0,0,1,0,0,0,1,0,1,0,0,"unacc"
"871",0,0,1,0,0,0,0,1,1,0,0,0,1,0,0,1,0,0,0,1,0,"unacc"
"872",0,0,1,0,0,0,0,1,1,0,0,0,1,0,0,1,0,0,0,0,1,"unacc"
"874",0,0,1,0,0,0,0,1,1,0,0,0,0,1,0,0,0,1,0,1,0,"unacc"
"876",0,0,1,0,0,0,0,1,1,0,0,0,0,1,0,0,0,1,1,0,0,"acc"
"877",0,0,1,0,0,0,0,1,1,0,0,0,0,1,0,0,1,0,0,1,0,"unacc"
"878",0,0,1,0,0,0,0,1,1,0,0,0,0,1,0,0,1,0,0,0,1,"unacc"
"879",0,0,1,0,0,0,0,1,1,0,0,0,0,1,0,0,1,0,1,0,0,"acc"
"881",0,0,1,0,0,0,0,1,1,0,0,0,0,1,0,1,0,0,0,0,1,"acc"
"882",0,0,1,0,0,0,0,1,1,0,0,0,0,1,0,1,0,0,1,0,0,"acc"
"883",0,0,1,0,0,0,0,1,1,0,0,0,0,0,1,0,0,1,0,1,0,"unacc"
"888",0,0,1,0,0,0,0,1,1,0,0,0,0,0,1,0,1,0,1,0,0,"acc"
"889",0,0,1,0,0,0,0,1,1,0,0,0,0,0,1,1,0,0,0,1,0,"unacc"
"890",0,0,1,0,0,0,0,1,1,0,0,0,0,0,1,1,0,0,0,0,1,"acc"
"891",0,0,1,0,0,0,0,1,1,0,0,0,0,0,1,1,0,0,1,0,0,"acc"
"892",0,0,1,0,0,0,0,1,0,1,0,0,1,0,0,0,0,1,0,1,0,"unacc"
"893",0,0,1,0,0,0,0,1,0,1,0,0,1,0,0,0,0,1,0,0,1,"unacc"
"894",0,0,1,0,0,0,0,1,0,1,0,0,1,0,0,0,0,1,1,0,0,"unacc"
"895",0,0,1,0,0,0,0,1,0,1,0,0,1,0,0,0,1,0,0,1,0,"unacc"
"898",0,0,1,0,0,0,0,1,0,1,0,0,1,0,0,1,0,0,0,1,0,"unacc"
"899",0,0,1,0,0,0,0,1,0,1,0,0,1,0,0,1,0,0,0,0,1,"unacc"
"900",0,0,1,0,0,0,0,1,0,1,0,0,1,0,0,1,0,0,1,0,0,"unacc"
"901",0,0,1,0,0,0,0,1,0,1,0,0,0,1,0,0,0,1,0,1,0,"unacc"
"902",0,0,1,0,0,0,0,1,0,1,0,0,0,1,0,0,0,1,0,0,1,"unacc"
"904",0,0,1,0,0,0,0,1,0,1,0,0,0,1,0,0,1,0,0,1,0,"unacc"
"905",0,0,1,0,0,0,0,1,0,1,0,0,0,1,0,0,1,0,0,0,1,"unacc"
"907",0,0,1,0,0,0,0,1,0,1,0,0,0,1,0,1,0,0,0,1,0,"unacc"
"908",0,0,1,0,0,0,0,1,0,1,0,0,0,1,0,1,0,0,0,0,1,"acc"
"909",0,0,1,0,0,0,0,1,0,1,0,0,0,1,0,1,0,0,1,0,0,"acc"
"911",0,0,1,0,0,0,0,1,0,1,0,0,0,0,1,0,0,1,0,0,1,"unacc"
"912",0,0,1,0,0,0,0,1,0,1,0,0,0,0,1,0,0,1,1,0,0,"acc"
"914",0,0,1,0,0,0,0,1,0,1,0,0,0,0,1,0,1,0,0,0,1,"acc"
"915",0,0,1,0,0,0,0,1,0,1,0,0,0,0,1,0,1,0,1,0,0,"acc"
"916",0,0,1,0,0,0,0,1,0,1,0,0,0,0,1,1,0,0,0,1,0,"unacc"
"917",0,0,1,0,0,0,0,1,0,1,0,0,0,0,1,1,0,0,0,0,1,"acc"
"918",0,0,1,0,0,0,0,1,0,1,0,0,0,0,1,1,0,0,1,0,0,"acc"
"919",0,0,1,0,0,0,0,1,0,0,1,0,1,0,0,0,0,1,0,1,0,"unacc"
"920",0,0,1,0,0,0,0,1,0,0,1,0,1,0,0,0,0,1,0,0,1,"unacc"
"921",0,0,1,0,0,0,0,1,0,0,1,0,1,0,0,0,0,1,1,0,0,"unacc"
"923",0,0,1,0,0,0,0,1,0,0,1,0,1,0,0,0,1,0,0,0,1,"unacc"
"924",0,0,1,0,0,0,0,1,0,0,1,0,1,0,0,0,1,0,1,0,0,"unacc"
"925",0,0,1,0,0,0,0,1,0,0,1,0,1,0,0,1,0,0,0,1,0,"unacc"
"926",0,0,1,0,0,0,0,1,0,0,1,0,1,0,0,1,0,0,0,0,1,"unacc"
"927",0,0,1,0,0,0,0,1,0,0,1,0,1,0,0,1,0,0,1,0,0,"unacc"
"928",0,0,1,0,0,0,0,1,0,0,1,0,0,1,0,0,0,1,0,1,0,"unacc"
"929",0,0,1,0,0,0,0,1,0,0,1,0,0,1,0,0,0,1,0,0,1,"unacc"
"932",0,0,1,0,0,0,0,1,0,0,1,0,0,1,0,0,1,0,0,0,1,"acc"
"933",0,0,1,0,0,0,0,1,0,0,1,0,0,1,0,0,1,0,1,0,0,"acc"
"934",0,0,1,0,0,0,0,1,0,0,1,0,0,1,0,1,0,0,0,1,0,"unacc"
"936",0,0,1,0,0,0,0,1,0,0,1,0,0,1,0,1,0,0,1,0,0,"acc"
"937",0,0,1,0,0,0,0,1,0,0,1,0,0,0,1,0,0,1,0,1,0,"unacc"
"938",0,0,1,0,0,0,0,1,0,0,1,0,0,0,1,0,0,1,0,0,1,"unacc"
"939",0,0,1,0,0,0,0,1,0,0,1,0,0,0,1,0,0,1,1,0,0,"acc"
"940",0,0,1,0,0,0,0,1,0,0,1,0,0,0,1,0,1,0,0,1,0,"unacc"
"941",0,0,1,0,0,0,0,1,0,0,1,0,0,0,1,0,1,0,0,0,1,"acc"
"943",0,0,1,0,0,0,0,1,0,0,1,0,0,0,1,1,0,0,0,1,0,"unacc"
"944",0,0,1,0,0,0,0,1,0,0,1,0,0,0,1,1,0,0,0,0,1,"acc"
"945",0,0,1,0,0,0,0,1,0,0,1,0,0,0,1,1,0,0,1,0,0,"acc"
"946",0,0,1,0,0,0,0,1,0,0,0,1,1,0,0,0,0,1,0,1,0,"unacc"
"948",0,0,1,0,0,0,0,1,0,0,0,1,1,0,0,0,0,1,1,0,0,"unacc"
"949",0,0,1,0,0,0,0,1,0,0,0,1,1,0,0,0,1,0,0,1,0,"unacc"
"953",0,0,1,0,0,0,0,1,0,0,0,1,1,0,0,1,0,0,0,0,1,"unacc"
"954",0,0,1,0,0,0,0,1,0,0,0,1,1,0,0,1,0,0,1,0,0,"unacc"
"956",0,0,1,0,0,0,0,1,0,0,0,1,0,1,0,0,0,1,0,0,1,"unacc"
"957",0,0,1,0,0,0,0,1,0,0,0,1,0,1,0,0,0,1,1,0,0,"acc"
"958",0,0,1,0,0,0,0,1,0,0,0,1,0,1,0,0,1,0,0,1,0,"unacc"
"959",0,0,1,0,0,0,0,1,0,0,0,1,0,1,0,0,1,0,0,0,1,"acc"
"960",0,0,1,0,0,0,0,1,0,0,0,1,0,1,0,0,1,0,1,0,0,"acc"
"961",0,0,1,0,0,0,0,1,0,0,0,1,0,1,0,1,0,0,0,1,0,"unacc"
"962",0,0,1,0,0,0,0,1,0,0,0,1,0,1,0,1,0,0,0,0,1,"acc"
"963",0,0,1,0,0,0,0,1,0,0,0,1,0,1,0,1,0,0,1,0,0,"acc"
"965",0,0,1,0,0,0,0,1,0,0,0,1,0,0,1,0,0,1,0,0,1,"unacc"
"967",0,0,1,0,0,0,0,1,0,0,0,1,0,0,1,0,1,0,0,1,0,"unacc"
"968",0,0,1,0,0,0,0,1,0,0,0,1,0,0,1,0,1,0,0,0,1,"acc"
"969",0,0,1,0,0,0,0,1,0,0,0,1,0,0,1,0,1,0,1,0,0,"acc"
"970",0,0,1,0,0,0,0,1,0,0,0,1,0,0,1,1,0,0,0,1,0,"unacc"
"971",0,0,1,0,0,0,0,1,0,0,0,1,0,0,1,1,0,0,0,0,1,"acc"
"972",0,0,1,0,0,0,0,1,0,0,0,1,0,0,1,1,0,0,1,0,0,"acc"
"973",0,0,1,0,1,0,0,0,1,0,0,0,1,0,0,0,0,1,0,1,0,"unacc"
"974",0,0,1,0,1,0,0,0,1,0,0,0,1,0,0,0,0,1,0,0,1,"unacc"
"975",0,0,1,0,1,0,0,0,1,0,0,0,1,0,0,0,0,1,1,0,0,"unacc"
"976",0,0,1,0,1,0,0,0,1,0,0,0,1,0,0,0,1,0,0,1,0,"unacc"
"977",0,0,1,0,1,0,0,0,1,0,0,0,1,0,0,0,1,0,0,0,1,"unacc"
"978",0,0,1,0,1,0,0,0,1,0,0,0,1,0,0,0,1,0,1,0,0,"unacc"
"979",0,0,1,0,1,0,0,0,1,0,0,0,1,0,0,1,0,0,0,1,0,"unacc"
"981",0,0,1,0,1,0,0,0,1,0,0,0,1,0,0,1,0,0,1,0,0,"unacc"
"982",0,0,1,0,1,0,0,0,1,0,0,0,0,1,0,0,0,1,0,1,0,"unacc"
"983",0,0,1,0,1,0,0,0,1,0,0,0,0,1,0,0,0,1,0,0,1,"unacc"
"984",0,0,1,0,1,0,0,0,1,0,0,0,0,1,0,0,0,1,1,0,0,"acc"
"985",0,0,1,0,1,0,0,0,1,0,0,0,0,1,0,0,1,0,0,1,0,"unacc"
"986",0,0,1,0,1,0,0,0,1,0,0,0,0,1,0,0,1,0,0,0,1,"unacc"
"987",0,0,1,0,1,0,0,0,1,0,0,0,0,1,0,0,1,0,1,0,0,"acc"
"988",0,0,1,0,1,0,0,0,1,0,0,0,0,1,0,1,0,0,0,1,0,"unacc"
"989",0,0,1,0,1,0,0,0,1,0,0,0,0,1,0,1,0,0,0,0,1,"acc"
"990",0,0,1,0,1,0,0,0,1,0,0,0,0,1,0,1,0,0,1,0,0,"acc"
"991",0,0,1,0,1,0,0,0,1,0,0,0,0,0,1,0,0,1,0,1,0,"unacc"
"992",0,0,1,0,1,0,0,0,1,0,0,0,0,0,1,0,0,1,0,0,1,"unacc"
"993",0,0,1,0,1,0,0,0,1,0,0,0,0,0,1,0,0,1,1,0,0,"unacc"
"995",0,0,1,0,1,0,0,0,1,0,0,0,0,0,1,0,1,0,0,0,1,"unacc"
"996",0,0,1,0,1,0,0,0,1,0,0,0,0,0,1,0,1,0,1,0,0,"acc"
"997",0,0,1,0,1,0,0,0,1,0,0,0,0,0,1,1,0,0,0,1,0,"unacc"
"998",0,0,1,0,1,0,0,0,1,0,0,0,0,0,1,1,0,0,0,0,1,"acc"
"999",0,0,1,0,1,0,0,0,1,0,0,0,0,0,1,1,0,0,1,0,0,"acc"
"1001",0,0,1,0,1,0,0,0,0,1,0,0,1,0,0,0,0,1,0,0,1,"unacc"
"1003",0,0,1,0,1,0,0,0,0,1,0,0,1,0,0,0,1,0,0,1,0,"unacc"
"1004",0,0,1,0,1,0,0,0,0,1,0,0,1,0,0,0,1,0,0,0,1,"unacc"
"1006",0,0,1,0,1,0,0,0,0,1,0,0,1,0,0,1,0,0,0,1,0,"unacc"
"1007",0,0,1,0,1,0,0,0,0,1,0,0,1,0,0,1,0,0,0,0,1,"unacc"
"1008",0,0,1,0,1,0,0,0,0,1,0,0,1,0,0,1,0,0,1,0,0,"unacc"
"1009",0,0,1,0,1,0,0,0,0,1,0,0,0,1,0,0,0,1,0,1,0,"unacc"
"1010",0,0,1,0,1,0,0,0,0,1,0,0,0,1,0,0,0,1,0,0,1,"unacc"
"1011",0,0,1,0,1,0,0,0,0,1,0,0,0,1,0,0,0,1,1,0,0,"acc"
"1012",0,0,1,0,1,0,0,0,0,1,0,0,0,1,0,0,1,0,0,1,0,"unacc"
"1013",0,0,1,0,1,0,0,0,0,1,0,0,0,1,0,0,1,0,0,0,1,"unacc"
"1014",0,0,1,0,1,0,0,0,0,1,0,0,0,1,0,0,1,0,1,0,0,"acc"
"1015",0,0,1,0,1,0,0,0,0,1,0,0,0,1,0,1,0,0,0,1,0,"unacc"
"1016",0,0,1,0,1,0,0,0,0,1,0,0,0,1,0,1,0,0,0,0,1,"acc"
"1017",0,0,1,0,1,0,0,0,0,1,0,0,0,1,0,1,0,0,1,0,0,"acc"
"1018",0,0,1,0,1,0,0,0,0,1,0,0,0,0,1,0,0,1,0,1,0,"unacc"
"1019",0,0,1,0,1,0,0,0,0,1,0,0,0,0,1,0,0,1,0,0,1,"unacc"
"1020",0,0,1,0,1,0,0,0,0,1,0,0,0,0,1,0,0,1,1,0,0,"acc"
"1021",0,0,1,0,1,0,0,0,0,1,0,0,0,0,1,0,1,0,0,1,0,"unacc"
"1023",0,0,1,0,1,0,0,0,0,1,0,0,0,0,1,0,1,0,1,0,0,"acc"
"1024",0,0,1,0,1,0,0,0,0,1,0,0,0,0,1,1,0,0,0,1,0,"unacc"
"1025",0,0,1,0,1,0,0,0,0,1,0,0,0,0,1,1,0,0,0,0,1,"acc"
"1026",0,0,1,0,1,0,0,0,0,1,0,0,0,0,1,1,0,0,1,0,0,"acc"
"1027",0,0,1,0,1,0,0,0,0,0,1,0,1,0,0,0,0,1,0,1,0,"unacc"
"1029",0,0,1,0,1,0,0,0,0,0,1,0,1,0,0,0,0,1,1,0,0,"unacc"
"1030",0,0,1,0,1,0,0,0,0,0,1,0,1,0,0,0,1,0,0,1,0,"unacc"
"1032",0,0,1,0,1,0,0,0,0,0,1,0,1,0,0,0,1,0,1,0,0,"unacc"
"1033",0,0,1,0,1,0,0,0,0,0,1,0,1,0,0,1,0,0,0,1,0,"unacc"
"1034",0,0,1,0,1,0,0,0,0,0,1,0,1,0,0,1,0,0,0,0,1,"unacc"
"1035",0,0,1,0,1,0,0,0,0,0,1,0,1,0,0,1,0,0,1,0,0,"unacc"
"1036",0,0,1,0,1,0,0,0,0,0,1,0,0,1,0,0,0,1,0,1,0,"unacc"
"1037",0,0,1,0,1,0,0,0,0,0,1,0,0,1,0,0,0,1,0,0,1,"unacc"
"1038",0,0,1,0,1,0,0,0,0,0,1,0,0,1,0,0,0,1,1,0,0,"acc"
"1039",0,0,1,0,1,0,0,0,0,0,1,0,0,1,0,0,1,0,0,1,0,"unacc"
"1040",0,0,1,0,1,0,0,0,0,0,1,0,0,1,0,0,1,0,0,0,1,"acc"
"1041",0,0,1,0,1,0,0,0,0,0,1,0,0,1,0,0,1,0,1,0,0,"acc"
"1042",0,0,1,0,1,0,0,0,0,0,1,0,0,1,0,1,0,0,0,1,0,"unacc"
"1043",0,0,1,0,1,0,0,0,0,0,1,0,0,1,0,1,0,0,0,0,1,"acc"
"1044",0,0,1,0,1,0,0,0,0,0,1,0,0,1,0,1,0,0,1,0,0,"acc"
"1045",0,0,1,0,1,0,0,0,0,0,1,0,0,0,1,0,0,1,0,1,0,"unacc"
"1047",0,0,1,0,1,0,0,0,0,0,1,0,0,0,1,0,0,1,1,0,0,"acc"
"1048",0,0,1,0,1,0,0,0,0,0,1,0,0,0,1,0,1,0,0,1,0,"unacc"
"1049",0,0,1,0,1,0,0,0,0,0,1,0,0,0,1,0,1,0,0,0,1,"acc"
"1050",0,0,1,0,1,0,0,0,0,0,1,0,0,0,1,0,1,0,1,0,0,"acc"
"1052",0,0,1,0,1,0,0,0,0,0,1,0,0,0,1,1,0,0,0,0,1,"acc"
"1053",0,0,1,0,1,0,0,0,0,0,1,0,0,0,1,1,0,0,1,0,0,"acc"
"1054",0,0,1,0,1,0,0,0,0,0,0,1,1,0,0,0,0,1,0,1,0,"unacc"
"1055",0,0,1,0,1,0,0,0,0,0,0,1,1,0,0,0,0,1,0,0,1,"unacc"
"1056",0,0,1,0,1,0,0,0,0,0,0,1,1,0,0,0,0,1,1,0,0,"unacc"
"1057",0,0,1,0,1,0,0,0,0,0,0,1,1,0,0,0,1,0,0,1,0,"unacc"
"1058",0,0,1,0,1,0,0,0,0,0,0,1,1,0,0,0,1,0,0,0,1,"unacc"
"1059",0,0,1,0,1,0,0,0,0,0,0,1,1,0,0,0,1,0,1,0,0,"unacc"
"1060",0,0,1,0,1,0,0,0,0,0,0,1,1,0,0,1,0,0,0,1,0,"unacc"
"1061",0,0,1,0,1,0,0,0,0,0,0,1,1,0,0,1,0,0,0,0,1,"unacc"
"1063",0,0,1,0,1,0,0,0,0,0,0,1,0,1,0,0,0,1,0,1,0,"unacc"
"1064",0,0,1,0,1,0,0,0,0,0,0,1,0,1,0,0,0,1,0,0,1,"unacc"
"1066",0,0,1,0,1,0,0,0,0,0,0,1,0,1,0,0,1,0,0,1,0,"unacc"
"1068",0,0,1,0,1,0,0,0,0,0,0,1,0,1,0,0,1,0,1,0,0,"acc"
"1069",0,0,1,0,1,0,0,0,0,0,0,1,0,1,0,1,0,0,0,1,0,"unacc"
"1070",0,0,1,0,1,0,0,0,0,0,0,1,0,1,0,1,0,0,0,0,1,"acc"
"1074",0,0,1,0,1,0,0,0,0,0,0,1,0,0,1,0,0,1,1,0,0,"acc"
"1075",0,0,1,0,1,0,0,0,0,0,0,1,0,0,1,0,1,0,0,1,0,"unacc"
"1076",0,0,1,0,1,0,0,0,0,0,0,1,0,0,1,0,1,0,0,0,1,"acc"
"1077",0,0,1,0,1,0,0,0,0,0,0,1,0,0,1,0,1,0,1,0,0,"acc"
"1078",0,0,1,0,1,0,0,0,0,0,0,1,0,0,1,1,0,0,0,1,0,"unacc"
"1079",0,0,1,0,1,0,0,0,0,0,0,1,0,0,1,1,0,0,0,0,1,"acc"
"1080",0,0,1,0,1,0,0,0,0,0,0,1,0,0,1,1,0,0,1,0,0,"acc"
"1081",0,0,1,0,0,0,1,0,1,0,0,0,1,0,0,0,0,1,0,1,0,"unacc"
"1082",0,0,1,0,0,0,1,0,1,0,0,0,1,0,0,0,0,1,0,0,1,"unacc"
"1085",0,0,1,0,0,0,1,0,1,0,0,0,1,0,0,0,1,0,0,0,1,"unacc"
"1086",0,0,1,0,0,0,1,0,1,0,0,0,1,0,0,0,1,0,1,0,0,"unacc"
"1087",0,0,1,0,0,0,1,0,1,0,0,0,1,0,0,1,0,0,0,1,0,"unacc"
"1091",0,0,1,0,0,0,1,0,1,0,0,0,0,1,0,0,0,1,0,0,1,"acc"
"1092",0,0,1,0,0,0,1,0,1,0,0,0,0,1,0,0,0,1,1,0,0,"acc"
"1093",0,0,1,0,0,0,1,0,1,0,0,0,0,1,0,0,1,0,0,1,0,"unacc"
"1094",0,0,1,0,0,0,1,0,1,0,0,0,0,1,0,0,1,0,0,0,1,"acc"
"1095",0,0,1,0,0,0,1,0,1,0,0,0,0,1,0,0,1,0,1,0,0,"acc"
"1098",0,0,1,0,0,0,1,0,1,0,0,0,0,1,0,1,0,0,1,0,0,"vgood"
"1100",0,0,1,0,0,0,1,0,1,0,0,0,0,0,1,0,0,1,0,0,1,"unacc"
"1102",0,0,1,0,0,0,1,0,1,0,0,0,0,0,1,0,1,0,0,1,0,"unacc"
"1103",0,0,1,0,0,0,1,0,1,0,0,0,0,0,1,0,1,0,0,0,1,"acc"
"1104",0,0,1,0,0,0,1,0,1,0,0,0,0,0,1,0,1,0,1,0,0,"acc"
"1106",0,0,1,0,0,0,1,0,1,0,0,0,0,0,1,1,0,0,0,0,1,"acc"
"1108",0,0,1,0,0,0,1,0,0,1,0,0,1,0,0,0,0,1,0,1,0,"unacc"
"1109",0,0,1,0,0,0,1,0,0,1,0,0,1,0,0,0,0,1,0,0,1,"unacc"
"1110",0,0,1,0,0,0,1,0,0,1,0,0,1,0,0,0,0,1,1,0,0,"unacc"
"1111",0,0,1,0,0,0,1,0,0,1,0,0,1,0,0,0,1,0,0,1,0,"unacc"
"1112",0,0,1,0,0,0,1,0,0,1,0,0,1,0,0,0,1,0,0,0,1,"unacc"
"1114",0,0,1,0,0,0,1,0,0,1,0,0,1,0,0,1,0,0,0,1,0,"unacc"
"1115",0,0,1,0,0,0,1,0,0,1,0,0,1,0,0,1,0,0,0,0,1,"unacc"
"1116",0,0,1,0,0,0,1,0,0,1,0,0,1,0,0,1,0,0,1,0,0,"unacc"
"1117",0,0,1,0,0,0,1,0,0,1,0,0,0,1,0,0,0,1,0,1,0,"unacc"
"1118",0,0,1,0,0,0,1,0,0,1,0,0,0,1,0,0,0,1,0,0,1,"acc"
"1119",0,0,1,0,0,0,1,0,0,1,0,0,0,1,0,0,0,1,1,0,0,"acc"
"1120",0,0,1,0,0,0,1,0,0,1,0,0,0,1,0,0,1,0,0,1,0,"unacc"
"1121",0,0,1,0,0,0,1,0,0,1,0,0,0,1,0,0,1,0,0,0,1,"acc"
"1122",0,0,1,0,0,0,1,0,0,1,0,0,0,1,0,0,1,0,1,0,0,"acc"
"1123",0,0,1,0,0,0,1,0,0,1,0,0,0,1,0,1,0,0,0,1,0,"unacc"
"1124",0,0,1,0,0,0,1,0,0,1,0,0,0,1,0,1,0,0,0,0,1,"acc"
"1125",0,0,1,0,0,0,1,0,0,1,0,0,0,1,0,1,0,0,1,0,0,"vgood"
"1126",0,0,1,0,0,0,1,0,0,1,0,0,0,0,1,0,0,1,0,1,0,"unacc"
"1127",0,0,1,0,0,0,1,0,0,1,0,0,0,0,1,0,0,1,0,0,1,"acc"
"1128",0,0,1,0,0,0,1,0,0,1,0,0,0,0,1,0,0,1,1,0,0,"acc"
"1129",0,0,1,0,0,0,1,0,0,1,0,0,0,0,1,0,1,0,0,1,0,"unacc"
"1131",0,0,1,0,0,0,1,0,0,1,0,0,0,0,1,0,1,0,1,0,0,"vgood"
"1132",0,0,1,0,0,0,1,0,0,1,0,0,0,0,1,1,0,0,0,1,0,"unacc"
"1133",0,0,1,0,0,0,1,0,0,1,0,0,0,0,1,1,0,0,0,0,1,"acc"
"1134",0,0,1,0,0,0,1,0,0,1,0,0,0,0,1,1,0,0,1,0,0,"vgood"
"1135",0,0,1,0,0,0,1,0,0,0,1,0,1,0,0,0,0,1,0,1,0,"unacc"
"1136",0,0,1,0,0,0,1,0,0,0,1,0,1,0,0,0,0,1,0,0,1,"unacc"
"1137",0,0,1,0,0,0,1,0,0,0,1,0,1,0,0,0,0,1,1,0,0,"unacc"
"1138",0,0,1,0,0,0,1,0,0,0,1,0,1,0,0,0,1,0,0,1,0,"unacc"
"1139",0,0,1,0,0,0,1,0,0,0,1,0,1,0,0,0,1,0,0,0,1,"unacc"
"1140",0,0,1,0,0,0,1,0,0,0,1,0,1,0,0,0,1,0,1,0,0,"unacc"
"1141",0,0,1,0,0,0,1,0,0,0,1,0,1,0,0,1,0,0,0,1,0,"unacc"
"1142",0,0,1,0,0,0,1,0,0,0,1,0,1,0,0,1,0,0,0,0,1,"unacc"
"1143",0,0,1,0,0,0,1,0,0,0,1,0,1,0,0,1,0,0,1,0,0,"unacc"
"1144",0,0,1,0,0,0,1,0,0,0,1,0,0,1,0,0,0,1,0,1,0,"unacc"
"1145",0,0,1,0,0,0,1,0,0,0,1,0,0,1,0,0,0,1,0,0,1,"acc"
"1146",0,0,1,0,0,0,1,0,0,0,1,0,0,1,0,0,0,1,1,0,0,"acc"
"1147",0,0,1,0,0,0,1,0,0,0,1,0,0,1,0,0,1,0,0,1,0,"unacc"
"1149",0,0,1,0,0,0,1,0,0,0,1,0,0,1,0,0,1,0,1,0,0,"vgood"
"1150",0,0,1,0,0,0,1,0,0,0,1,0,0,1,0,1,0,0,0,1,0,"unacc"
"1151",0,0,1,0,0,0,1,0,0,0,1,0,0,1,0,1,0,0,0,0,1,"acc"
"1152",0,0,1,0,0,0,1,0,0,0,1,0,0,1,0,1,0,0,1,0,0,"vgood"
"1154",0,0,1,0,0,0,1,0,0,0,1,0,0,0,1,0,0,1,0,0,1,"acc"
"1156",0,0,1,0,0,0,1,0,0,0,1,0,0,0,1,0,1,0,0,1,0,"unacc"
"1157",0,0,1,0,0,0,1,0,0,0,1,0,0,0,1,0,1,0,0,0,1,"acc"
"1158",0,0,1,0,0,0,1,0,0,0,1,0,0,0,1,0,1,0,1,0,0,"vgood"
"1159",0,0,1,0,0,0,1,0,0,0,1,0,0,0,1,1,0,0,0,1,0,"unacc"
"1160",0,0,1,0,0,0,1,0,0,0,1,0,0,0,1,1,0,0,0,0,1,"acc"
"1161",0,0,1,0,0,0,1,0,0,0,1,0,0,0,1,1,0,0,1,0,0,"vgood"
"1162",0,0,1,0,0,0,1,0,0,0,0,1,1,0,0,0,0,1,0,1,0,"unacc"
"1163",0,0,1,0,0,0,1,0,0,0,0,1,1,0,0,0,0,1,0,0,1,"unacc"
"1164",0,0,1,0,0,0,1,0,0,0,0,1,1,0,0,0,0,1,1,0,0,"unacc"
"1165",0,0,1,0,0,0,1,0,0,0,0,1,1,0,0,0,1,0,0,1,0,"unacc"
"1166",0,0,1,0,0,0,1,0,0,0,0,1,1,0,0,0,1,0,0,0,1,"unacc"
"1167",0,0,1,0,0,0,1,0,0,0,0,1,1,0,0,0,1,0,1,0,0,"unacc"
"1170",0,0,1,0,0,0,1,0,0,0,0,1,1,0,0,1,0,0,1,0,0,"unacc"
"1171",0,0,1,0,0,0,1,0,0,0,0,1,0,1,0,0,0,1,0,1,0,"unacc"
"1173",0,0,1,0,0,0,1,0,0,0,0,1,0,1,0,0,0,1,1,0,0,"acc"
"1174",0,0,1,0,0,0,1,0,0,0,0,1,0,1,0,0,1,0,0,1,0,"unacc"
"1175",0,0,1,0,0,0,1,0,0,0,0,1,0,1,0,0,1,0,0,0,1,"acc"
"1176",0,0,1,0,0,0,1,0,0,0,0,1,0,1,0,0,1,0,1,0,0,"vgood"
"1177",0,0,1,0,0,0,1,0,0,0,0,1,0,1,0,1,0,0,0,1,0,"unacc"
"1178",0,0,1,0,0,0,1,0,0,0,0,1,0,1,0,1,0,0,0,0,1,"acc"
"1179",0,0,1,0,0,0,1,0,0,0,0,1,0,1,0,1,0,0,1,0,0,"vgood"
"1180",0,0,1,0,0,0,1,0,0,0,0,1,0,0,1,0,0,1,0,1,0,"unacc"
"1181",0,0,1,0,0,0,1,0,0,0,0,1,0,0,1,0,0,1,0,0,1,"acc"
"1183",0,0,1,0,0,0,1,0,0,0,0,1,0,0,1,0,1,0,0,1,0,"unacc"
"1184",0,0,1,0,0,0,1,0,0,0,0,1,0,0,1,0,1,0,0,0,1,"acc"
"1185",0,0,1,0,0,0,1,0,0,0,0,1,0,0,1,0,1,0,1,0,0,"vgood"
"1186",0,0,1,0,0,0,1,0,0,0,0,1,0,0,1,1,0,0,0,1,0,"unacc"
"1187",0,0,1,0,0,0,1,0,0,0,0,1,0,0,1,1,0,0,0,0,1,"acc"
"1188",0,0,1,0,0,0,1,0,0,0,0,1,0,0,1,1,0,0,1,0,0,"vgood"
"1189",0,0,1,0,0,1,0,0,1,0,0,0,1,0,0,0,0,1,0,1,0,"unacc"
"1190",0,0,1,0,0,1,0,0,1,0,0,0,1,0,0,0,0,1,0,0,1,"unacc"
"1192",0,0,1,0,0,1,0,0,1,0,0,0,1,0,0,0,1,0,0,1,0,"unacc"
"1193",0,0,1,0,0,1,0,0,1,0,0,0,1,0,0,0,1,0,0,0,1,"unacc"
"1195",0,0,1,0,0,1,0,0,1,0,0,0,1,0,0,1,0,0,0,1,0,"unacc"
"1197",0,0,1,0,0,1,0,0,1,0,0,0,1,0,0,1,0,0,1,0,0,"unacc"
"1199",0,0,1,0,0,1,0,0,1,0,0,0,0,1,0,0,0,1,0,0,1,"acc"
"1200",0,0,1,0,0,1,0,0,1,0,0,0,0,1,0,0,0,1,1,0,0,"good"
"1201",0,0,1,0,0,1,0,0,1,0,0,0,0,1,0,0,1,0,0,1,0,"unacc"
"1202",0,0,1,0,0,1,0,0,1,0,0,0,0,1,0,0,1,0,0,0,1,"acc"
"1203",0,0,1,0,0,1,0,0,1,0,0,0,0,1,0,0,1,0,1,0,0,"good"
"1204",0,0,1,0,0,1,0,0,1,0,0,0,0,1,0,1,0,0,0,1,0,"unacc"
"1205",0,0,1,0,0,1,0,0,1,0,0,0,0,1,0,1,0,0,0,0,1,"good"
"1206",0,0,1,0,0,1,0,0,1,0,0,0,0,1,0,1,0,0,1,0,0,"vgood"
"1207",0,0,1,0,0,1,0,0,1,0,0,0,0,0,1,0,0,1,0,1,0,"unacc"
"1210",0,0,1,0,0,1,0,0,1,0,0,0,0,0,1,0,1,0,0,1,0,"unacc"
"1211",0,0,1,0,0,1,0,0,1,0,0,0,0,0,1,0,1,0,0,0,1,"acc"
"1212",0,0,1,0,0,1,0,0,1,0,0,0,0,0,1,0,1,0,1,0,0,"good"
"1213",0,0,1,0,0,1,0,0,1,0,0,0,0,0,1,1,0,0,0,1,0,"unacc"
"1214",0,0,1,0,0,1,0,0,1,0,0,0,0,0,1,1,0,0,0,0,1,"good"
"1215",0,0,1,0,0,1,0,0,1,0,0,0,0,0,1,1,0,0,1,0,0,"vgood"
"1216",0,0,1,0,0,1,0,0,0,1,0,0,1,0,0,0,0,1,0,1,0,"unacc"
"1217",0,0,1,0,0,1,0,0,0,1,0,0,1,0,0,0,0,1,0,0,1,"unacc"
"1218",0,0,1,0,0,1,0,0,0,1,0,0,1,0,0,0,0,1,1,0,0,"unacc"
"1219",0,0,1,0,0,1,0,0,0,1,0,0,1,0,0,0,1,0,0,1,0,"unacc"
"1220",0,0,1,0,0,1,0,0,0,1,0,0,1,0,0,0,1,0,0,0,1,"unacc"
"1221",0,0,1,0,0,1,0,0,0,1,0,0,1,0,0,0,1,0,1,0,0,"unacc"
"1222",0,0,1,0,0,1,0,0,0,1,0,0,1,0,0,1,0,0,0,1,0,"unacc"
"1223",0,0,1,0,0,1,0,0,0,1,0,0,1,0,0,1,0,0,0,0,1,"unacc"
"1224",0,0,1,0,0,1,0,0,0,1,0,0,1,0,0,1,0,0,1,0,0,"unacc"
"1225",0,0,1,0,0,1,0,0,0,1,0,0,0,1,0,0,0,1,0,1,0,"unacc"
"1226",0,0,1,0,0,1,0,0,0,1,0,0,0,1,0,0,0,1,0,0,1,"acc"
"1228",0,0,1,0,0,1,0,0,0,1,0,0,0,1,0,0,1,0,0,1,0,"unacc"
"1231",0,0,1,0,0,1,0,0,0,1,0,0,0,1,0,1,0,0,0,1,0,"unacc"
"1232",0,0,1,0,0,1,0,0,0,1,0,0,0,1,0,1,0,0,0,0,1,"good"
"1233",0,0,1,0,0,1,0,0,0,1,0,0,0,1,0,1,0,0,1,0,0,"vgood"
"1234",0,0,1,0,0,1,0,0,0,1,0,0,0,0,1,0,0,1,0,1,0,"unacc"
"1235",0,0,1,0,0,1,0,0,0,1,0,0,0,0,1,0,0,1,0,0,1,"acc"
"1237",0,0,1,0,0,1,0,0,0,1,0,0,0,0,1,0,1,0,0,1,0,"unacc"
"1238",0,0,1,0,0,1,0,0,0,1,0,0,0,0,1,0,1,0,0,0,1,"good"
"1239",0,0,1,0,0,1,0,0,0,1,0,0,0,0,1,0,1,0,1,0,0,"vgood"
"1240",0,0,1,0,0,1,0,0,0,1,0,0,0,0,1,1,0,0,0,1,0,"unacc"
"1242",0,0,1,0,0,1,0,0,0,1,0,0,0,0,1,1,0,0,1,0,0,"vgood"
"1243",0,0,1,0,0,1,0,0,0,0,1,0,1,0,0,0,0,1,0,1,0,"unacc"
"1245",0,0,1,0,0,1,0,0,0,0,1,0,1,0,0,0,0,1,1,0,0,"unacc"
"1247",0,0,1,0,0,1,0,0,0,0,1,0,1,0,0,0,1,0,0,0,1,"unacc"
"1248",0,0,1,0,0,1,0,0,0,0,1,0,1,0,0,0,1,0,1,0,0,"unacc"
"1249",0,0,1,0,0,1,0,0,0,0,1,0,1,0,0,1,0,0,0,1,0,"unacc"
"1250",0,0,1,0,0,1,0,0,0,0,1,0,1,0,0,1,0,0,0,0,1,"unacc"
"1251",0,0,1,0,0,1,0,0,0,0,1,0,1,0,0,1,0,0,1,0,0,"unacc"
"1252",0,0,1,0,0,1,0,0,0,0,1,0,0,1,0,0,0,1,0,1,0,"unacc"
"1253",0,0,1,0,0,1,0,0,0,0,1,0,0,1,0,0,0,1,0,0,1,"acc"
"1254",0,0,1,0,0,1,0,0,0,0,1,0,0,1,0,0,0,1,1,0,0,"good"
"1255",0,0,1,0,0,1,0,0,0,0,1,0,0,1,0,0,1,0,0,1,0,"unacc"
"1256",0,0,1,0,0,1,0,0,0,0,1,0,0,1,0,0,1,0,0,0,1,"good"
"1257",0,0,1,0,0,1,0,0,0,0,1,0,0,1,0,0,1,0,1,0,0,"vgood"
"1258",0,0,1,0,0,1,0,0,0,0,1,0,0,1,0,1,0,0,0,1,0,"unacc"
"1260",0,0,1,0,0,1,0,0,0,0,1,0,0,1,0,1,0,0,1,0,0,"vgood"
"1261",0,0,1,0,0,1,0,0,0,0,1,0,0,0,1,0,0,1,0,1,0,"unacc"
"1262",0,0,1,0,0,1,0,0,0,0,1,0,0,0,1,0,0,1,0,0,1,"acc"
"1263",0,0,1,0,0,1,0,0,0,0,1,0,0,0,1,0,0,1,1,0,0,"good"
"1265",0,0,1,0,0,1,0,0,0,0,1,0,0,0,1,0,1,0,0,0,1,"good"
"1266",0,0,1,0,0,1,0,0,0,0,1,0,0,0,1,0,1,0,1,0,0,"vgood"
"1269",0,0,1,0,0,1,0,0,0,0,1,0,0,0,1,1,0,0,1,0,0,"vgood"
"1271",0,0,1,0,0,1,0,0,0,0,0,1,1,0,0,0,0,1,0,0,1,"unacc"
"1272",0,0,1,0,0,1,0,0,0,0,0,1,1,0,0,0,0,1,1,0,0,"unacc"
"1273",0,0,1,0,0,1,0,0,0,0,0,1,1,0,0,0,1,0,0,1,0,"unacc"
"1277",0,0,1,0,0,1,0,0,0,0,0,1,1,0,0,1,0,0,0,0,1,"unacc"
"1278",0,0,1,0,0,1,0,0,0,0,0,1,1,0,0,1,0,0,1,0,0,"unacc"
"1279",0,0,1,0,0,1,0,0,0,0,0,1,0,1,0,0,0,1,0,1,0,"unacc"
"1280",0,0,1,0,0,1,0,0,0,0,0,1,0,1,0,0,0,1,0,0,1,"acc"
"1281",0,0,1,0,0,1,0,0,0,0,0,1,0,1,0,0,0,1,1,0,0,"good"
"1282",0,0,1,0,0,1,0,0,0,0,0,1,0,1,0,0,1,0,0,1,0,"unacc"
"1283",0,0,1,0,0,1,0,0,0,0,0,1,0,1,0,0,1,0,0,0,1,"good"
"1284",0,0,1,0,0,1,0,0,0,0,0,1,0,1,0,0,1,0,1,0,0,"vgood"
"1285",0,0,1,0,0,1,0,0,0,0,0,1,0,1,0,1,0,0,0,1,0,"unacc"
"1286",0,0,1,0,0,1,0,0,0,0,0,1,0,1,0,1,0,0,0,0,1,"good"
"1287",0,0,1,0,0,1,0,0,0,0,0,1,0,1,0,1,0,0,1,0,0,"vgood"
"1288",0,0,1,0,0,1,0,0,0,0,0,1,0,0,1,0,0,1,0,1,0,"unacc"
"1290",0,0,1,0,0,1,0,0,0,0,0,1,0,0,1,0,0,1,1,0,0,"good"
"1291",0,0,1,0,0,1,0,0,0,0,0,1,0,0,1,0,1,0,0,1,0,"unacc"
"1292",0,0,1,0,0,1,0,0,0,0,0,1,0,0,1,0,1,0,0,0,1,"good"
"1293",0,0,1,0,0,1,0,0,0,0,0,1,0,0,1,0,1,0,1,0,0,"vgood"
"1294",0,0,1,0,0,1,0,0,0,0,0,1,0,0,1,1,0,0,0,1,0,"unacc"
"1295",0,0,1,0,0,1,0,0,0,0,0,1,0,0,1,1,0,0,0,0,1,"good"
"1296",0,0,1,0,0,1,0,0,0,0,0,1,0,0,1,1,0,0,1,0,0,"vgood"
"1297",0,1,0,0,0,0,0,1,1,0,0,0,1,0,0,0,0,1,0,1,0,"unacc"
"1298",0,1,0,0,0,0,0,1,1,0,0,0,1,0,0,0,0,1,0,0,1,"unacc"
"1299",0,1,0,0,0,0,0,1,1,0,0,0,1,0,0,0,0,1,1,0,0,"unacc"
"1300",0,1,0,0,0,0,0,1,1,0,0,0,1,0,0,0,1,0,0,1,0,"unacc"
"1304",0,1,0,0,0,0,0,1,1,0,0,0,1,0,0,1,0,0,0,0,1,"unacc"
"1305",0,1,0,0,0,0,0,1,1,0,0,0,1,0,0,1,0,0,1,0,0,"unacc"
"1306",0,1,0,0,0,0,0,1,1,0,0,0,0,1,0,0,0,1,0,1,0,"unacc"
"1307",0,1,0,0,0,0,0,1,1,0,0,0,0,1,0,0,0,1,0,0,1,"unacc"
"1309",0,1,0,0,0,0,0,1,1,0,0,0,0,1,0,0,1,0,0,1,0,"unacc"
"1310",0,1,0,0,0,0,0,1,1,0,0,0,0,1,0,0,1,0,0,0,1,"unacc"
"1311",0,1,0,0,0,0,0,1,1,0,0,0,0,1,0,0,1,0,1,0,0,"acc"
"1313",0,1,0,0,0,0,0,1,1,0,0,0,0,1,0,1,0,0,0,0,1,"acc"
"1314",0,1,0,0,0,0,0,1,1,0,0,0,0,1,0,1,0,0,1,0,0,"acc"
"1315",0,1,0,0,0,0,0,1,1,0,0,0,0,0,1,0,0,1,0,1,0,"unacc"
"1316",0,1,0,0,0,0,0,1,1,0,0,0,0,0,1,0,0,1,0,0,1,"unacc"
"1317",0,1,0,0,0,0,0,1,1,0,0,0,0,0,1,0,0,1,1,0,0,"unacc"
"1318",0,1,0,0,0,0,0,1,1,0,0,0,0,0,1,0,1,0,0,1,0,"unacc"
"1319",0,1,0,0,0,0,0,1,1,0,0,0,0,0,1,0,1,0,0,0,1,"unacc"
"1320",0,1,0,0,0,0,0,1,1,0,0,0,0,0,1,0,1,0,1,0,0,"acc"
"1321",0,1,0,0,0,0,0,1,1,0,0,0,0,0,1,1,0,0,0,1,0,"unacc"
"1322",0,1,0,0,0,0,0,1,1,0,0,0,0,0,1,1,0,0,0,0,1,"acc"
"1323",0,1,0,0,0,0,0,1,1,0,0,0,0,0,1,1,0,0,1,0,0,"acc"
"1324",0,1,0,0,0,0,0,1,0,1,0,0,1,0,0,0,0,1,0,1,0,"unacc"
"1329",0,1,0,0,0,0,0,1,0,1,0,0,1,0,0,0,1,0,1,0,0,"unacc"
"1331",0,1,0,0,0,0,0,1,0,1,0,0,1,0,0,1,0,0,0,0,1,"unacc"
"1332",0,1,0,0,0,0,0,1,0,1,0,0,1,0,0,1,0,0,1,0,0,"unacc"
"1333",0,1,0,0,0,0,0,1,0,1,0,0,0,1,0,0,0,1,0,1,0,"unacc"
"1334",0,1,0,0,0,0,0,1,0,1,0,0,0,1,0,0,0,1,0,0,1,"unacc"
"1335",0,1,0,0,0,0,0,1,0,1,0,0,0,1,0,0,0,1,1,0,0,"acc"
"1336",0,1,0,0,0,0,0,1,0,1,0,0,0,1,0,0,1,0,0,1,0,"unacc"
"1337",0,1,0,0,0,0,0,1,0,1,0,0,0,1,0,0,1,0,0,0,1,"unacc"
"1339",0,1,0,0,0,0,0,1,0,1,0,0,0,1,0,1,0,0,0,1,0,"unacc"
"1340",0,1,0,0,0,0,0,1,0,1,0,0,0,1,0,1,0,0,0,0,1,"acc"
"1341",0,1,0,0,0,0,0,1,0,1,0,0,0,1,0,1,0,0,1,0,0,"acc"
"1342",0,1,0,0,0,0,0,1,0,1,0,0,0,0,1,0,0,1,0,1,0,"unacc"
"1343",0,1,0,0,0,0,0,1,0,1,0,0,0,0,1,0,0,1,0,0,1,"unacc"
"1344",0,1,0,0,0,0,0,1,0,1,0,0,0,0,1,0,0,1,1,0,0,"acc"
"1345",0,1,0,0,0,0,0,1,0,1,0,0,0,0,1,0,1,0,0,1,0,"unacc"
"1346",0,1,0,0,0,0,0,1,0,1,0,0,0,0,1,0,1,0,0,0,1,"acc"
"1347",0,1,0,0,0,0,0,1,0,1,0,0,0,0,1,0,1,0,1,0,0,"acc"
"1348",0,1,0,0,0,0,0,1,0,1,0,0,0,0,1,1,0,0,0,1,0,"unacc"
"1349",0,1,0,0,0,0,0,1,0,1,0,0,0,0,1,1,0,0,0,0,1,"acc"
"1350",0,1,0,0,0,0,0,1,0,1,0,0,0,0,1,1,0,0,1,0,0,"acc"
"1351",0,1,0,0,0,0,0,1,0,0,1,0,1,0,0,0,0,1,0,1,0,"unacc"
"1352",0,1,0,0,0,0,0,1,0,0,1,0,1,0,0,0,0,1,0,0,1,"unacc"
"1353",0,1,0,0,0,0,0,1,0,0,1,0,1,0,0,0,0,1,1,0,0,"unacc"
"1355",0,1,0,0,0,0,0,1,0,0,1,0,1,0,0,0,1,0,0,0,1,"unacc"
"1356",0,1,0,0,0,0,0,1,0,0,1,0,1,0,0,0,1,0,1,0,0,"unacc"
"1357",0,1,0,0,0,0,0,1,0,0,1,0,1,0,0,1,0,0,0,1,0,"unacc"
"1358",0,1,0,0,0,0,0,1,0,0,1,0,1,0,0,1,0,0,0,0,1,"unacc"
"1359",0,1,0,0,0,0,0,1,0,0,1,0,1,0,0,1,0,0,1,0,0,"unacc"
"1360",0,1,0,0,0,0,0,1,0,0,1,0,0,1,0,0,0,1,0,1,0,"unacc"
"1361",0,1,0,0,0,0,0,1,0,0,1,0,0,1,0,0,0,1,0,0,1,"unacc"
"1362",0,1,0,0,0,0,0,1,0,0,1,0,0,1,0,0,0,1,1,0,0,"acc"
"1363",0,1,0,0,0,0,0,1,0,0,1,0,0,1,0,0,1,0,0,1,0,"unacc"
"1364",0,1,0,0,0,0,0,1,0,0,1,0,0,1,0,0,1,0,0,0,1,"acc"
"1365",0,1,0,0,0,0,0,1,0,0,1,0,0,1,0,0,1,0,1,0,0,"acc"
"1366",0,1,0,0,0,0,0,1,0,0,1,0,0,1,0,1,0,0,0,1,0,"unacc"
"1367",0,1,0,0,0,0,0,1,0,0,1,0,0,1,0,1,0,0,0,0,1,"acc"
"1368",0,1,0,0,0,0,0,1,0,0,1,0,0,1,0,1,0,0,1,0,0,"acc"
"1370",0,1,0,0,0,0,0,1,0,0,1,0,0,0,1,0,0,1,0,0,1,"unacc"
"1372",0,1,0,0,0,0,0,1,0,0,1,0,0,0,1,0,1,0,0,1,0,"unacc"
"1374",0,1,0,0,0,0,0,1,0,0,1,0,0,0,1,0,1,0,1,0,0,"acc"
"1375",0,1,0,0,0,0,0,1,0,0,1,0,0,0,1,1,0,0,0,1,0,"unacc"
"1376",0,1,0,0,0,0,0,1,0,0,1,0,0,0,1,1,0,0,0,0,1,"acc"
"1378",0,1,0,0,0,0,0,1,0,0,0,1,1,0,0,0,0,1,0,1,0,"unacc"
"1379",0,1,0,0,0,0,0,1,0,0,0,1,1,0,0,0,0,1,0,0,1,"unacc"
"1380",0,1,0,0,0,0,0,1,0,0,0,1,1,0,0,0,0,1,1,0,0,"unacc"
"1381",0,1,0,0,0,0,0,1,0,0,0,1,1,0,0,0,1,0,0,1,0,"unacc"
"1382",0,1,0,0,0,0,0,1,0,0,0,1,1,0,0,0,1,0,0,0,1,"unacc"
"1383",0,1,0,0,0,0,0,1,0,0,0,1,1,0,0,0,1,0,1,0,0,"unacc"
"1385",0,1,0,0,0,0,0,1,0,0,0,1,1,0,0,1,0,0,0,0,1,"unacc"
"1386",0,1,0,0,0,0,0,1,0,0,0,1,1,0,0,1,0,0,1,0,0,"unacc"
"1388",0,1,0,0,0,0,0,1,0,0,0,1,0,1,0,0,0,1,0,0,1,"unacc"
"1389",0,1,0,0,0,0,0,1,0,0,0,1,0,1,0,0,0,1,1,0,0,"acc"
"1390",0,1,0,0,0,0,0,1,0,0,0,1,0,1,0,0,1,0,0,1,0,"unacc"
"1391",0,1,0,0,0,0,0,1,0,0,0,1,0,1,0,0,1,0,0,0,1,"acc"
"1392",0,1,0,0,0,0,0,1,0,0,0,1,0,1,0,0,1,0,1,0,0,"acc"
"1394",0,1,0,0,0,0,0,1,0,0,0,1,0,1,0,1,0,0,0,0,1,"acc"
"1396",0,1,0,0,0,0,0,1,0,0,0,1,0,0,1,0,0,1,0,1,0,"unacc"
"1397",0,1,0,0,0,0,0,1,0,0,0,1,0,0,1,0,0,1,0,0,1,"unacc"
"1399",0,1,0,0,0,0,0,1,0,0,0,1,0,0,1,0,1,0,0,1,0,"unacc"
"1400",0,1,0,0,0,0,0,1,0,0,0,1,0,0,1,0,1,0,0,0,1,"acc"
"1403",0,1,0,0,0,0,0,1,0,0,0,1,0,0,1,1,0,0,0,0,1,"acc"
"1404",0,1,0,0,0,0,0,1,0,0,0,1,0,0,1,1,0,0,1,0,0,"acc"
"1406",0,1,0,0,1,0,0,0,1,0,0,0,1,0,0,0,0,1,0,0,1,"unacc"
"1408",0,1,0,0,1,0,0,0,1,0,0,0,1,0,0,0,1,0,0,1,0,"unacc"
"1409",0,1,0,0,1,0,0,0,1,0,0,0,1,0,0,0,1,0,0,0,1,"unacc"
"1410",0,1,0,0,1,0,0,0,1,0,0,0,1,0,0,0,1,0,1,0,0,"unacc"
"1411",0,1,0,0,1,0,0,0,1,0,0,0,1,0,0,1,0,0,0,1,0,"unacc"
"1412",0,1,0,0,1,0,0,0,1,0,0,0,1,0,0,1,0,0,0,0,1,"unacc"
"1413",0,1,0,0,1,0,0,0,1,0,0,0,1,0,0,1,0,0,1,0,0,"unacc"
"1414",0,1,0,0,1,0,0,0,1,0,0,0,0,1,0,0,0,1,0,1,0,"unacc"
"1416",0,1,0,0,1,0,0,0,1,0,0,0,0,1,0,0,0,1,1,0,0,"acc"
"1417",0,1,0,0,1,0,0,0,1,0,0,0,0,1,0,0,1,0,0,1,0,"unacc"
"1418",0,1,0,0,1,0,0,0,1,0,0,0,0,1,0,0,1,0,0,0,1,"acc"
"1419",0,1,0,0,1,0,0,0,1,0,0,0,0,1,0,0,1,0,1,0,0,"acc"
"1420",0,1,0,0,1,0,0,0,1,0,0,0,0,1,0,1,0,0,0,1,0,"unacc"
"1421",0,1,0,0,1,0,0,0,1,0,0,0,0,1,0,1,0,0,0,0,1,"acc"
"1425",0,1,0,0,1,0,0,0,1,0,0,0,0,0,1,0,0,1,1,0,0,"unacc"
"1426",0,1,0,0,1,0,0,0,1,0,0,0,0,0,1,0,1,0,0,1,0,"unacc"
"1427",0,1,0,0,1,0,0,0,1,0,0,0,0,0,1,0,1,0,0,0,1,"acc"
"1428",0,1,0,0,1,0,0,0,1,0,0,0,0,0,1,0,1,0,1,0,0,"acc"
"1429",0,1,0,0,1,0,0,0,1,0,0,0,0,0,1,1,0,0,0,1,0,"unacc"
"1430",0,1,0,0,1,0,0,0,1,0,0,0,0,0,1,1,0,0,0,0,1,"acc"
"1431",0,1,0,0,1,0,0,0,1,0,0,0,0,0,1,1,0,0,1,0,0,"vgood"
"1432",0,1,0,0,1,0,0,0,0,1,0,0,1,0,0,0,0,1,0,1,0,"unacc"
"1435",0,1,0,0,1,0,0,0,0,1,0,0,1,0,0,0,1,0,0,1,0,"unacc"
"1436",0,1,0,0,1,0,0,0,0,1,0,0,1,0,0,0,1,0,0,0,1,"unacc"
"1437",0,1,0,0,1,0,0,0,0,1,0,0,1,0,0,0,1,0,1,0,0,"unacc"
"1438",0,1,0,0,1,0,0,0,0,1,0,0,1,0,0,1,0,0,0,1,0,"unacc"
"1439",0,1,0,0,1,0,0,0,0,1,0,0,1,0,0,1,0,0,0,0,1,"unacc"
"1441",0,1,0,0,1,0,0,0,0,1,0,0,0,1,0,0,0,1,0,1,0,"unacc"
"1442",0,1,0,0,1,0,0,0,0,1,0,0,0,1,0,0,0,1,0,0,1,"acc"
"1444",0,1,0,0,1,0,0,0,0,1,0,0,0,1,0,0,1,0,0,1,0,"unacc"
"1445",0,1,0,0,1,0,0,0,0,1,0,0,0,1,0,0,1,0,0,0,1,"acc"
"1446",0,1,0,0,1,0,0,0,0,1,0,0,0,1,0,0,1,0,1,0,0,"acc"
"1447",0,1,0,0,1,0,0,0,0,1,0,0,0,1,0,1,0,0,0,1,0,"unacc"
"1448",0,1,0,0,1,0,0,0,0,1,0,0,0,1,0,1,0,0,0,0,1,"acc"
"1449",0,1,0,0,1,0,0,0,0,1,0,0,0,1,0,1,0,0,1,0,0,"vgood"
"1450",0,1,0,0,1,0,0,0,0,1,0,0,0,0,1,0,0,1,0,1,0,"unacc"
"1452",0,1,0,0,1,0,0,0,0,1,0,0,0,0,1,0,0,1,1,0,0,"acc"
"1454",0,1,0,0,1,0,0,0,0,1,0,0,0,0,1,0,1,0,0,0,1,"acc"
"1455",0,1,0,0,1,0,0,0,0,1,0,0,0,0,1,0,1,0,1,0,0,"vgood"
"1456",0,1,0,0,1,0,0,0,0,1,0,0,0,0,1,1,0,0,0,1,0,"unacc"
"1457",0,1,0,0,1,0,0,0,0,1,0,0,0,0,1,1,0,0,0,0,1,"acc"
"1458",0,1,0,0,1,0,0,0,0,1,0,0,0,0,1,1,0,0,1,0,0,"vgood"
"1459",0,1,0,0,1,0,0,0,0,0,1,0,1,0,0,0,0,1,0,1,0,"unacc"
"1460",0,1,0,0,1,0,0,0,0,0,1,0,1,0,0,0,0,1,0,0,1,"unacc"
"1461",0,1,0,0,1,0,0,0,0,0,1,0,1,0,0,0,0,1,1,0,0,"unacc"
"1462",0,1,0,0,1,0,0,0,0,0,1,0,1,0,0,0,1,0,0,1,0,"unacc"
"1463",0,1,0,0,1,0,0,0,0,0,1,0,1,0,0,0,1,0,0,0,1,"unacc"
"1464",0,1,0,0,1,0,0,0,0,0,1,0,1,0,0,0,1,0,1,0,0,"unacc"
"1465",0,1,0,0,1,0,0,0,0,0,1,0,1,0,0,1,0,0,0,1,0,"unacc"
"1466",0,1,0,0,1,0,0,0,0,0,1,0,1,0,0,1,0,0,0,0,1,"unacc"
"1467",0,1,0,0,1,0,0,0,0,0,1,0,1,0,0,1,0,0,1,0,0,"unacc"
"1469",0,1,0,0,1,0,0,0,0,0,1,0,0,1,0,0,0,1,0,0,1,"acc"
"1470",0,1,0,0,1,0,0,0,0,0,1,0,0,1,0,0,0,1,1,0,0,"acc"
"1471",0,1,0,0,1,0,0,0,0,0,1,0,0,1,0,0,1,0,0,1,0,"unacc"
"1472",0,1,0,0,1,0,0,0,0,0,1,0,0,1,0,0,1,0,0,0,1,"acc"
"1473",0,1,0,0,1,0,0,0,0,0,1,0,0,1,0,0,1,0,1,0,0,"vgood"
"1474",0,1,0,0,1,0,0,0,0,0,1,0,0,1,0,1,0,0,0,1,0,"unacc"
"1477",0,1,0,0,1,0,0,0,0,0,1,0,0,0,1,0,0,1,0,1,0,"unacc"
"1479",0,1,0,0,1,0,0,0,0,0,1,0,0,0,1,0,0,1,1,0,0,"acc"
"1480",0,1,0,0,1,0,0,0,0,0,1,0,0,0,1,0,1,0,0,1,0,"unacc"
"1481",0,1,0,0,1,0,0,0,0,0,1,0,0,0,1,0,1,0,0,0,1,"acc"
"1482",0,1,0,0,1,0,0,0,0,0,1,0,0,0,1,0,1,0,1,0,0,"vgood"
"1484",0,1,0,0,1,0,0,0,0,0,1,0,0,0,1,1,0,0,0,0,1,"acc"
"1485",0,1,0,0,1,0,0,0,0,0,1,0,0,0,1,1,0,0,1,0,0,"vgood"
"1486",0,1,0,0,1,0,0,0,0,0,0,1,1,0,0,0,0,1,0,1,0,"unacc"
"1487",0,1,0,0,1,0,0,0,0,0,0,1,1,0,0,0,0,1,0,0,1,"unacc"
"1488",0,1,0,0,1,0,0,0,0,0,0,1,1,0,0,0,0,1,1,0,0,"unacc"
"1489",0,1,0,0,1,0,0,0,0,0,0,1,1,0,0,0,1,0,0,1,0,"unacc"
"1490",0,1,0,0,1,0,0,0,0,0,0,1,1,0,0,0,1,0,0,0,1,"unacc"
"1491",0,1,0,0,1,0,0,0,0,0,0,1,1,0,0,0,1,0,1,0,0,"unacc"
"1493",0,1,0,0,1,0,0,0,0,0,0,1,1,0,0,1,0,0,0,0,1,"unacc"
"1494",0,1,0,0,1,0,0,0,0,0,0,1,1,0,0,1,0,0,1,0,0,"unacc"
"1495",0,1,0,0,1,0,0,0,0,0,0,1,0,1,0,0,0,1,0,1,0,"unacc"
"1496",0,1,0,0,1,0,0,0,0,0,0,1,0,1,0,0,0,1,0,0,1,"acc"
"1497",0,1,0,0,1,0,0,0,0,0,0,1,0,1,0,0,0,1,1,0,0,"acc"
"1498",0,1,0,0,1,0,0,0,0,0,0,1,0,1,0,0,1,0,0,1,0,"unacc"
"1499",0,1,0,0,1,0,0,0,0,0,0,1,0,1,0,0,1,0,0,0,1,"acc"
"1500",0,1,0,0,1,0,0,0,0,0,0,1,0,1,0,0,1,0,1,0,0,"vgood"
"1501",0,1,0,0,1,0,0,0,0,0,0,1,0,1,0,1,0,0,0,1,0,"unacc"
"1502",0,1,0,0,1,0,0,0,0,0,0,1,0,1,0,1,0,0,0,0,1,"acc"
"1503",0,1,0,0,1,0,0,0,0,0,0,1,0,1,0,1,0,0,1,0,0,"vgood"
"1504",0,1,0,0,1,0,0,0,0,0,0,1,0,0,1,0,0,1,0,1,0,"unacc"
"1505",0,1,0,0,1,0,0,0,0,0,0,1,0,0,1,0,0,1,0,0,1,"acc"
"1507",0,1,0,0,1,0,0,0,0,0,0,1,0,0,1,0,1,0,0,1,0,"unacc"
"1508",0,1,0,0,1,0,0,0,0,0,0,1,0,0,1,0,1,0,0,0,1,"acc"
"1509",0,1,0,0,1,0,0,0,0,0,0,1,0,0,1,0,1,0,1,0,0,"vgood"
"1511",0,1,0,0,1,0,0,0,0,0,0,1,0,0,1,1,0,0,0,0,1,"acc"
"1512",0,1,0,0,1,0,0,0,0,0,0,1,0,0,1,1,0,0,1,0,0,"vgood"
"1513",0,1,0,0,0,0,1,0,1,0,0,0,1,0,0,0,0,1,0,1,0,"unacc"
"1514",0,1,0,0,0,0,1,0,1,0,0,0,1,0,0,0,0,1,0,0,1,"unacc"
"1515",0,1,0,0,0,0,1,0,1,0,0,0,1,0,0,0,0,1,1,0,0,"unacc"
"1516",0,1,0,0,0,0,1,0,1,0,0,0,1,0,0,0,1,0,0,1,0,"unacc"
"1518",0,1,0,0,0,0,1,0,1,0,0,0,1,0,0,0,1,0,1,0,0,"unacc"
"1519",0,1,0,0,0,0,1,0,1,0,0,0,1,0,0,1,0,0,0,1,0,"unacc"
"1521",0,1,0,0,0,0,1,0,1,0,0,0,1,0,0,1,0,0,1,0,0,"unacc"
"1522",0,1,0,0,0,0,1,0,1,0,0,0,0,1,0,0,0,1,0,1,0,"unacc"
"1523",0,1,0,0,0,0,1,0,1,0,0,0,0,1,0,0,0,1,0,0,1,"acc"
"1525",0,1,0,0,0,0,1,0,1,0,0,0,0,1,0,0,1,0,0,1,0,"unacc"
"1526",0,1,0,0,0,0,1,0,1,0,0,0,0,1,0,0,1,0,0,0,1,"acc"
"1528",0,1,0,0,0,0,1,0,1,0,0,0,0,1,0,1,0,0,0,1,0,"unacc"
"1529",0,1,0,0,0,0,1,0,1,0,0,0,0,1,0,1,0,0,0,0,1,"good"
"1530",0,1,0,0,0,0,1,0,1,0,0,0,0,1,0,1,0,0,1,0,0,"vgood"
"1531",0,1,0,0,0,0,1,0,1,0,0,0,0,0,1,0,0,1,0,1,0,"unacc"
"1532",0,1,0,0,0,0,1,0,1,0,0,0,0,0,1,0,0,1,0,0,1,"unacc"
"1533",0,1,0,0,0,0,1,0,1,0,0,0,0,0,1,0,0,1,1,0,0,"unacc"
"1534",0,1,0,0,0,0,1,0,1,0,0,0,0,0,1,0,1,0,0,1,0,"unacc"
"1535",0,1,0,0,0,0,1,0,1,0,0,0,0,0,1,0,1,0,0,0,1,"acc"
"1536",0,1,0,0,0,0,1,0,1,0,0,0,0,0,1,0,1,0,1,0,0,"good"
"1537",0,1,0,0,0,0,1,0,1,0,0,0,0,0,1,1,0,0,0,1,0,"unacc"
"1540",0,1,0,0,0,0,1,0,0,1,0,0,1,0,0,0,0,1,0,1,0,"unacc"
"1541",0,1,0,0,0,0,1,0,0,1,0,0,1,0,0,0,0,1,0,0,1,"unacc"
"1542",0,1,0,0,0,0,1,0,0,1,0,0,1,0,0,0,0,1,1,0,0,"unacc"
"1543",0,1,0,0,0,0,1,0,0,1,0,0,1,0,0,0,1,0,0,1,0,"unacc"
"1545",0,1,0,0,0,0,1,0,0,1,0,0,1,0,0,0,1,0,1,0,0,"unacc"
"1550",0,1,0,0,0,0,1,0,0,1,0,0,0,1,0,0,0,1,0,0,1,"acc"
"1551",0,1,0,0,0,0,1,0,0,1,0,0,0,1,0,0,0,1,1,0,0,"good"
"1552",0,1,0,0,0,0,1,0,0,1,0,0,0,1,0,0,1,0,0,1,0,"unacc"
"1553",0,1,0,0,0,0,1,0,0,1,0,0,0,1,0,0,1,0,0,0,1,"acc"
"1554",0,1,0,0,0,0,1,0,0,1,0,0,0,1,0,0,1,0,1,0,0,"good"
"1556",0,1,0,0,0,0,1,0,0,1,0,0,0,1,0,1,0,0,0,0,1,"good"
"1557",0,1,0,0,0,0,1,0,0,1,0,0,0,1,0,1,0,0,1,0,0,"vgood"
"1558",0,1,0,0,0,0,1,0,0,1,0,0,0,0,1,0,0,1,0,1,0,"unacc"
"1559",0,1,0,0,0,0,1,0,0,1,0,0,0,0,1,0,0,1,0,0,1,"acc"
"1561",0,1,0,0,0,0,1,0,0,1,0,0,0,0,1,0,1,0,0,1,0,"unacc"
"1562",0,1,0,0,0,0,1,0,0,1,0,0,0,0,1,0,1,0,0,0,1,"good"
"1563",0,1,0,0,0,0,1,0,0,1,0,0,0,0,1,0,1,0,1,0,0,"vgood"
"1564",0,1,0,0,0,0,1,0,0,1,0,0,0,0,1,1,0,0,0,1,0,"unacc"
"1566",0,1,0,0,0,0,1,0,0,1,0,0,0,0,1,1,0,0,1,0,0,"vgood"
"1567",0,1,0,0,0,0,1,0,0,0,1,0,1,0,0,0,0,1,0,1,0,"unacc"
"1568",0,1,0,0,0,0,1,0,0,0,1,0,1,0,0,0,0,1,0,0,1,"unacc"
"1569",0,1,0,0,0,0,1,0,0,0,1,0,1,0,0,0,0,1,1,0,0,"unacc"
"1571",0,1,0,0,0,0,1,0,0,0,1,0,1,0,0,0,1,0,0,0,1,"unacc"
"1572",0,1,0,0,0,0,1,0,0,0,1,0,1,0,0,0,1,0,1,0,0,"unacc"
"1577",0,1,0,0,0,0,1,0,0,0,1,0,0,1,0,0,0,1,0,0,1,"acc"
"1578",0,1,0,0,0,0,1,0,0,0,1,0,0,1,0,0,0,1,1,0,0,"good"
"1579",0,1,0,0,0,0,1,0,0,0,1,0,0,1,0,0,1,0,0,1,0,"unacc"
"1580",0,1,0,0,0,0,1,0,0,0,1,0,0,1,0,0,1,0,0,0,1,"good"
"1581",0,1,0,0,0,0,1,0,0,0,1,0,0,1,0,0,1,0,1,0,0,"vgood"
"1582",0,1,0,0,0,0,1,0,0,0,1,0,0,1,0,1,0,0,0,1,0,"unacc"
"1583",0,1,0,0,0,0,1,0,0,0,1,0,0,1,0,1,0,0,0,0,1,"good"
"1584",0,1,0,0,0,0,1,0,0,0,1,0,0,1,0,1,0,0,1,0,0,"vgood"
"1585",0,1,0,0,0,0,1,0,0,0,1,0,0,0,1,0,0,1,0,1,0,"unacc"
"1586",0,1,0,0,0,0,1,0,0,0,1,0,0,0,1,0,0,1,0,0,1,"acc"
"1587",0,1,0,0,0,0,1,0,0,0,1,0,0,0,1,0,0,1,1,0,0,"good"
"1589",0,1,0,0,0,0,1,0,0,0,1,0,0,0,1,0,1,0,0,0,1,"good"
"1591",0,1,0,0,0,0,1,0,0,0,1,0,0,0,1,1,0,0,0,1,0,"unacc"
"1592",0,1,0,0,0,0,1,0,0,0,1,0,0,0,1,1,0,0,0,0,1,"good"
"1593",0,1,0,0,0,0,1,0,0,0,1,0,0,0,1,1,0,0,1,0,0,"vgood"
"1594",0,1,0,0,0,0,1,0,0,0,0,1,1,0,0,0,0,1,0,1,0,"unacc"
"1595",0,1,0,0,0,0,1,0,0,0,0,1,1,0,0,0,0,1,0,0,1,"unacc"
"1596",0,1,0,0,0,0,1,0,0,0,0,1,1,0,0,0,0,1,1,0,0,"unacc"
"1598",0,1,0,0,0,0,1,0,0,0,0,1,1,0,0,0,1,0,0,0,1,"unacc"
"1599",0,1,0,0,0,0,1,0,0,0,0,1,1,0,0,0,1,0,1,0,0,"unacc"
"1600",0,1,0,0,0,0,1,0,0,0,0,1,1,0,0,1,0,0,0,1,0,"unacc"
"1601",0,1,0,0,0,0,1,0,0,0,0,1,1,0,0,1,0,0,0,0,1,"unacc"
"1602",0,1,0,0,0,0,1,0,0,0,0,1,1,0,0,1,0,0,1,0,0,"unacc"
"1604",0,1,0,0,0,0,1,0,0,0,0,1,0,1,0,0,0,1,0,0,1,"acc"
"1605",0,1,0,0,0,0,1,0,0,0,0,1,0,1,0,0,0,1,1,0,0,"good"
"1606",0,1,0,0,0,0,1,0,0,0,0,1,0,1,0,0,1,0,0,1,0,"unacc"
"1607",0,1,0,0,0,0,1,0,0,0,0,1,0,1,0,0,1,0,0,0,1,"good"
"1608",0,1,0,0,0,0,1,0,0,0,0,1,0,1,0,0,1,0,1,0,0,"vgood"
"1609",0,1,0,0,0,0,1,0,0,0,0,1,0,1,0,1,0,0,0,1,0,"unacc"
"1610",0,1,0,0,0,0,1,0,0,0,0,1,0,1,0,1,0,0,0,0,1,"good"
"1612",0,1,0,0,0,0,1,0,0,0,0,1,0,0,1,0,0,1,0,1,0,"unacc"
"1613",0,1,0,0,0,0,1,0,0,0,0,1,0,0,1,0,0,1,0,0,1,"acc"
"1614",0,1,0,0,0,0,1,0,0,0,0,1,0,0,1,0,0,1,1,0,0,"good"
"1615",0,1,0,0,0,0,1,0,0,0,0,1,0,0,1,0,1,0,0,1,0,"unacc"
"1617",0,1,0,0,0,0,1,0,0,0,0,1,0,0,1,0,1,0,1,0,0,"vgood"
"1619",0,1,0,0,0,0,1,0,0,0,0,1,0,0,1,1,0,0,0,0,1,"good"
"1621",0,1,0,0,0,1,0,0,1,0,0,0,1,0,0,0,0,1,0,1,0,"unacc"
"1623",0,1,0,0,0,1,0,0,1,0,0,0,1,0,0,0,0,1,1,0,0,"unacc"
"1624",0,1,0,0,0,1,0,0,1,0,0,0,1,0,0,0,1,0,0,1,0,"unacc"
"1626",0,1,0,0,0,1,0,0,1,0,0,0,1,0,0,0,1,0,1,0,0,"unacc"
"1627",0,1,0,0,0,1,0,0,1,0,0,0,1,0,0,1,0,0,0,1,0,"unacc"
"1628",0,1,0,0,0,1,0,0,1,0,0,0,1,0,0,1,0,0,0,0,1,"unacc"
"1629",0,1,0,0,0,1,0,0,1,0,0,0,1,0,0,1,0,0,1,0,0,"unacc"
"1630",0,1,0,0,0,1,0,0,1,0,0,0,0,1,0,0,0,1,0,1,0,"unacc"
"1631",0,1,0,0,0,1,0,0,1,0,0,0,0,1,0,0,0,1,0,0,1,"acc"
"1633",0,1,0,0,0,1,0,0,1,0,0,0,0,1,0,0,1,0,0,1,0,"unacc"
"1635",0,1,0,0,0,1,0,0,1,0,0,0,0,1,0,0,1,0,1,0,0,"good"
"1637",0,1,0,0,0,1,0,0,1,0,0,0,0,1,0,1,0,0,0,0,1,"good"
"1638",0,1,0,0,0,1,0,0,1,0,0,0,0,1,0,1,0,0,1,0,0,"vgood"
"1639",0,1,0,0,0,1,0,0,1,0,0,0,0,0,1,0,0,1,0,1,0,"unacc"
"1641",0,1,0,0,0,1,0,0,1,0,0,0,0,0,1,0,0,1,1,0,0,"unacc"
"1642",0,1,0,0,0,1,0,0,1,0,0,0,0,0,1,0,1,0,0,1,0,"unacc"
"1643",0,1,0,0,0,1,0,0,1,0,0,0,0,0,1,0,1,0,0,0,1,"acc"
"1644",0,1,0,0,0,1,0,0,1,0,0,0,0,0,1,0,1,0,1,0,0,"good"
"1645",0,1,0,0,0,1,0,0,1,0,0,0,0,0,1,1,0,0,0,1,0,"unacc"
"1646",0,1,0,0,0,1,0,0,1,0,0,0,0,0,1,1,0,0,0,0,1,"good"
"1647",0,1,0,0,0,1,0,0,1,0,0,0,0,0,1,1,0,0,1,0,0,"vgood"
"1648",0,1,0,0,0,1,0,0,0,1,0,0,1,0,0,0,0,1,0,1,0,"unacc"
"1649",0,1,0,0,0,1,0,0,0,1,0,0,1,0,0,0,0,1,0,0,1,"unacc"
"1650",0,1,0,0,0,1,0,0,0,1,0,0,1,0,0,0,0,1,1,0,0,"unacc"
"1651",0,1,0,0,0,1,0,0,0,1,0,0,1,0,0,0,1,0,0,1,0,"unacc"
"1652",0,1,0,0,0,1,0,0,0,1,0,0,1,0,0,0,1,0,0,0,1,"unacc"
"1654",0,1,0,0,0,1,0,0,0,1,0,0,1,0,0,1,0,0,0,1,0,"unacc"
"1655",0,1,0,0,0,1,0,0,0,1,0,0,1,0,0,1,0,0,0,0,1,"unacc"
"1657",0,1,0,0,0,1,0,0,0,1,0,0,0,1,0,0,0,1,0,1,0,"unacc"
"1658",0,1,0,0,0,1,0,0,0,1,0,0,0,1,0,0,0,1,0,0,1,"acc"
"1659",0,1,0,0,0,1,0,0,0,1,0,0,0,1,0,0,0,1,1,0,0,"good"
"1662",0,1,0,0,0,1,0,0,0,1,0,0,0,1,0,0,1,0,1,0,0,"good"
"1663",0,1,0,0,0,1,0,0,0,1,0,0,0,1,0,1,0,0,0,1,0,"unacc"
"1664",0,1,0,0,0,1,0,0,0,1,0,0,0,1,0,1,0,0,0,0,1,"good"
"1665",0,1,0,0,0,1,0,0,0,1,0,0,0,1,0,1,0,0,1,0,0,"vgood"
"1666",0,1,0,0,0,1,0,0,0,1,0,0,0,0,1,0,0,1,0,1,0,"unacc"
"1667",0,1,0,0,0,1,0,0,0,1,0,0,0,0,1,0,0,1,0,0,1,"acc"
"1670",0,1,0,0,0,1,0,0,0,1,0,0,0,0,1,0,1,0,0,0,1,"good"
"1671",0,1,0,0,0,1,0,0,0,1,0,0,0,0,1,0,1,0,1,0,0,"vgood"
"1672",0,1,0,0,0,1,0,0,0,1,0,0,0,0,1,1,0,0,0,1,0,"unacc"
"1673",0,1,0,0,0,1,0,0,0,1,0,0,0,0,1,1,0,0,0,0,1,"good"
"1675",0,1,0,0,0,1,0,0,0,0,1,0,1,0,0,0,0,1,0,1,0,"unacc"
"1676",0,1,0,0,0,1,0,0,0,0,1,0,1,0,0,0,0,1,0,0,1,"unacc"
"1677",0,1,0,0,0,1,0,0,0,0,1,0,1,0,0,0,0,1,1,0,0,"unacc"
"1679",0,1,0,0,0,1,0,0,0,0,1,0,1,0,0,0,1,0,0,0,1,"unacc"
"1680",0,1,0,0,0,1,0,0,0,0,1,0,1,0,0,0,1,0,1,0,0,"unacc"
"1681",0,1,0,0,0,1,0,0,0,0,1,0,1,0,0,1,0,0,0,1,0,"unacc"
"1682",0,1,0,0,0,1,0,0,0,0,1,0,1,0,0,1,0,0,0,0,1,"unacc"
"1683",0,1,0,0,0,1,0,0,0,0,1,0,1,0,0,1,0,0,1,0,0,"unacc"
"1685",0,1,0,0,0,1,0,0,0,0,1,0,0,1,0,0,0,1,0,0,1,"acc"
"1686",0,1,0,0,0,1,0,0,0,0,1,0,0,1,0,0,0,1,1,0,0,"good"
"1687",0,1,0,0,0,1,0,0,0,0,1,0,0,1,0,0,1,0,0,1,0,"unacc"
"1689",0,1,0,0,0,1,0,0,0,0,1,0,0,1,0,0,1,0,1,0,0,"vgood"
"1691",0,1,0,0,0,1,0,0,0,0,1,0,0,1,0,1,0,0,0,0,1,"good"
"1693",0,1,0,0,0,1,0,0,0,0,1,0,0,0,1,0,0,1,0,1,0,"unacc"
"1694",0,1,0,0,0,1,0,0,0,0,1,0,0,0,1,0,0,1,0,0,1,"acc"
"1697",0,1,0,0,0,1,0,0,0,0,1,0,0,0,1,0,1,0,0,0,1,"good"
"1699",0,1,0,0,0,1,0,0,0,0,1,0,0,0,1,1,0,0,0,1,0,"unacc"
"1700",0,1,0,0,0,1,0,0,0,0,1,0,0,0,1,1,0,0,0,0,1,"good"
"1701",0,1,0,0,0,1,0,0,0,0,1,0,0,0,1,1,0,0,1,0,0,"vgood"
"1702",0,1,0,0,0,1,0,0,0,0,0,1,1,0,0,0,0,1,0,1,0,"unacc"
"1704",0,1,0,0,0,1,0,0,0,0,0,1,1,0,0,0,0,1,1,0,0,"unacc"
"1705",0,1,0,0,0,1,0,0,0,0,0,1,1,0,0,0,1,0,0,1,0,"unacc"
"1706",0,1,0,0,0,1,0,0,0,0,0,1,1,0,0,0,1,0,0,0,1,"unacc"
"1709",0,1,0,0,0,1,0,0,0,0,0,1,1,0,0,1,0,0,0,0,1,"unacc"
"1710",0,1,0,0,0,1,0,0,0,0,0,1,1,0,0,1,0,0,1,0,0,"unacc"
"1711",0,1,0,0,0,1,0,0,0,0,0,1,0,1,0,0,0,1,0,1,0,"unacc"
"1713",0,1,0,0,0,1,0,0,0,0,0,1,0,1,0,0,0,1,1,0,0,"good"
"1714",0,1,0,0,0,1,0,0,0,0,0,1,0,1,0,0,1,0,0,1,0,"unacc"
"1715",0,1,0,0,0,1,0,0,0,0,0,1,0,1,0,0,1,0,0,0,1,"good"
"1716",0,1,0,0,0,1,0,0,0,0,0,1,0,1,0,0,1,0,1,0,0,"vgood"
"1717",0,1,0,0,0,1,0,0,0,0,0,1,0,1,0,1,0,0,0,1,0,"unacc"
"1718",0,1,0,0,0,1,0,0,0,0,0,1,0,1,0,1,0,0,0,0,1,"good"
"1719",0,1,0,0,0,1,0,0,0,0,0,1,0,1,0,1,0,0,1,0,0,"vgood"
"1720",0,1,0,0,0,1,0,0,0,0,0,1,0,0,1,0,0,1,0,1,0,"unacc"
"1721",0,1,0,0,0,1,0,0,0,0,0,1,0,0,1,0,0,1,0,0,1,"acc"
"1722",0,1,0,0,0,1,0,0,0,0,0,1,0,0,1,0,0,1,1,0,0,"good"
"1723",0,1,0,0,0,1,0,0,0,0,0,1,0,0,1,0,1,0,0,1,0,"unacc"
"1724",0,1,0,0,0,1,0,0,0,0,0,1,0,0,1,0,1,0,0,0,1,"good"
"1725",0,1,0,0,0,1,0,0,0,0,0,1,0,0,1,0,1,0,1,0,0,"vgood"
"1726",0,1,0,0,0,1,0,0,0,0,0,1,0,0,1,1,0,0,0,1,0,"unacc"
"1727",0,1,0,0,0,1,0,0,0,0,0,1,0,0,1,1,0,0,0,0,1,"good"
"1728",0,1,0,0,0,1,0,0,0,0,0,1,0,0,1,1,0,0,1,0,0,"vgood"
